wavelength[nm],species,ext_eff[meter ** 2 / kilogram],fine_fraction[1],growth_factor[1]
355,DUST_1,1185.6006131506851,0.4849907765091238,
500,DUST_1,1285.811233561644,0.4846075719947273,
532,DUST_1,1326.0118405479457,0.49405568193826266,
550,DUST_1,1349.2484679452057,0.5025784439248405,
1064,DUST_1,1544.110441643836,0.348563022398308,
355,DUST_2,572.8050824797847,0.0,
500,DUST_2,591.1778557277629,0.0,
532,DUST_2,592.4078935309974,0.0,
550,DUST_2,592.1394171832887,0.0,
1064,DUST_2,666.9959818059301,0.0,
355,DUST_3,328.8781129716982,0.0,
500,DUST_3,331.912068042453,0.0,
532,DUST_3,332.6211510613209,0.0,
550,DUST_3,332.95499481132094,0.0,
1064,DUST_3,342.2968313679246,0.0,
355,DUST_4,172.8371454088051,0.0,
500,DUST_4,174.074422264151,0.0,
532,DUST_4,174.36732522012585,0.0,
550,DUST_4,174.52049446540886,0.0,
1064,DUST_4,177.70171641509444,0.0,
355,DUST_5,96.33489268867928,0.0,
500,DUST_5,96.81330979952833,0.0,
532,DUST_5,96.93120573113212,0.0,
550,DUST_5,96.99456728773586,0.0,
1064,DUST_5,98.32619196933965,0.0,
355,SEAS_1,2990.4929858868763,1.0,1.0
355,SEAS_1,3104.730790652313,1.0,1.02
355,SEAS_1,3221.2894962293476,1.0,1.04
355,SEAS_1,3340.131397174409,1.0,1.06
355,SEAS_1,3456.9848057431286,1.0,1.08
355,SEAS_1,3576.3158825519795,1.0,1.1
355,SEAS_1,3703.760076862274,1.0,1.12
355,SEAS_1,3830.391900656333,1.0,1.14
355,SEAS_1,3960.3314454399733,1.0,1.16
355,SEAS_1,4089.5016410818657,1.0,1.18
355,SEAS_1,4219.114398825004,1.0,1.2
355,SEAS_1,4358.179925882259,0.9768236140599377,1.22
355,SEAS_1,4499.310772215347,0.9546394796903053,1.24
355,SEAS_1,4642.935777490653,0.9332830371517443,1.26
355,SEAS_1,4786.784902061583,0.9131284673131813,1.28
355,SEAS_1,4930.273332212429,0.8941617011408853,1.3
355,SEAS_1,5083.02081748798,0.8746016766715751,1.32
355,SEAS_1,5240.866366012506,0.858408456398408,1.34
355,SEAS_1,5401.073362942158,0.8396177247984565,1.36
355,SEAS_1,5562.092001948071,0.8246103796316392,1.38
355,SEAS_1,5722.14251558931,0.807609207655539,1.4
355,SEAS_1,5891.443899495414,0.7929094575966388,1.42
355,SEAS_1,6066.635013337573,0.775471859233167,1.44
355,SEAS_1,6244.391566176766,0.761145050714818,1.46
355,SEAS_1,6422.818187793312,0.7473874739455941,1.48
355,SEAS_1,6599.818527614397,0.7343859151944093,1.5
355,SEAS_1,6786.718475868463,0.7208634605724709,1.52
355,SEAS_1,6978.003335742097,0.7074738008816026,1.54
355,SEAS_1,7172.068719837638,0.6921168323398607,1.56
355,SEAS_1,7365.28382011392,0.6819118877645863,1.58
355,SEAS_1,7556.644302620299,0.6700971205472414,1.6
355,SEAS_1,7759.031232943282,0.657784208859568,1.62
355,SEAS_1,7962.650641763039,0.6458535219735346,1.64
355,SEAS_1,8169.605133705935,0.6341171680227848,1.66
355,SEAS_1,8372.800444334876,0.6231013806352944,1.68
355,SEAS_1,8574.088621580762,0.6145605076807942,1.7
355,SEAS_1,8787.069373682629,0.6035796326078393,1.72
355,SEAS_1,8997.77370044696,0.595017378650295,1.74
355,SEAS_1,9212.373293430463,0.5846537411710065,1.76
355,SEAS_1,9419.80330366884,0.5768898399906166,1.78
355,SEAS_1,9626.420186163286,0.567630718730146,1.8
355,SEAS_1,9843.454403055945,0.5598079979470446,1.82
355,SEAS_1,10056.422605354353,0.550728720575627,1.84
355,SEAS_1,10272.297127888602,0.5434639076700792,1.86
355,SEAS_1,10478.569793448503,0.5369003222373822,1.88
355,SEAS_1,10687.286613619575,0.5287282415367959,1.9
355,SEAS_1,10901.518111641486,0.5221305391716657,1.92
355,SEAS_1,11113.624741812255,0.5157975957307271,1.94
355,SEAS_1,11324.68535028357,0.5096602577754803,1.96
355,SEAS_1,11526.326425686728,0.5024972432585967,1.98
355,SEAS_1,11735.646768297032,0.4967010977150292,2.0
355,SEAS_1,11942.471941190886,0.49111799777684023,2.02
355,SEAS_1,12152.722425777552,0.48549393308225963,2.04
355,SEAS_1,12355.742747231096,0.48024653628743375,2.06
355,SEAS_1,12552.795335372752,0.4752979876420481,2.08
355,SEAS_1,12760.577199753054,0.47000940788613543,2.1
355,SEAS_1,12962.716874798845,0.46499504713515905,2.12
355,SEAS_1,13171.580313485578,0.45980260063708517,2.14
355,SEAS_1,13369.19637635142,0.4550585898930886,2.16
355,SEAS_1,13567.220749977489,0.45176892907760596,2.18
355,SEAS_1,13774.35606710714,0.4467917142263989,2.2
355,SEAS_1,13979.602003453347,0.4419313529799548,2.22
355,SEAS_1,14189.826589505406,0.4369703045765668,2.24
355,SEAS_1,14390.387014401345,0.4323587443229672,2.26
355,SEAS_1,14600.2818545024,0.42888459865949946,2.28
355,SEAS_1,14810.083301875471,0.42409294769961,2.3
355,SEAS_1,15029.698124495448,0.41908166274365494,2.32
355,SEAS_1,15245.553139464431,0.41557313074257185,2.34
355,SEAS_1,15458.080632969948,0.4108682433964976,2.36
355,SEAS_1,15685.11179521263,0.4058378219882927,2.38
355,SEAS_1,15909.297944098551,0.4022499805581053,2.4
355,SEAS_1,16149.021568385126,0.39702541608781006,2.42
355,SEAS_1,16377.42853042249,0.3934285128937098,2.44
355,SEAS_1,16613.672389379586,0.38841224762330184,2.46
355,SEAS_1,16857.563175966003,0.38328058131344095,2.48
355,SEAS_1,17107.017535684157,0.379343884360485,2.5
355,SEAS_1,17363.221011487884,0.375305261167213,2.52
355,SEAS_1,17613.69347957872,0.3702050955184639,2.54
355,SEAS_1,17871.981895421002,0.36622336883052076,2.56
355,SEAS_1,18137.495219766097,0.360928352615158,2.58
355,SEAS_1,18414.33947160554,0.356682294659343,2.6
355,SEAS_1,18681.031061608795,0.3514906309790298,2.62
355,SEAS_1,18954.05990545408,0.34742862004530983,2.64
355,SEAS_1,19233.277458178614,0.34330376532613355,2.66
355,SEAS_1,19512.651473848127,0.33806577364101265,2.68
355,SEAS_1,19811.41047473942,0.3337275627004922,2.7
355,SEAS_1,20096.325428957913,0.32968604678891245,2.72
355,SEAS_1,20383.566827736206,0.3256640863518498,2.74
355,SEAS_1,20668.64536096058,0.3206076618029588,2.76
355,SEAS_1,20971.87058315819,0.31646880236236913,2.78
355,SEAS_1,21275.146186667866,0.3123980815333263,2.8
355,SEAS_1,21568.648642305685,0.3085338547786848,2.82
355,SEAS_1,21865.596743205148,0.3035851433903478,2.84
355,SEAS_1,22155.50820929695,0.29989035602340836,2.86
355,SEAS_1,22456.86022355919,0.29609337108838335,2.88
355,SEAS_1,22754.765281925687,0.29239385714738264,2.9
355,SEAS_1,23054.91972705676,0.2887133154280363,2.92
355,SEAS_1,23353.322099881512,0.2850988647242815,2.94
355,SEAS_1,23654.994358674354,0.2814851159980894,2.96
355,SEAS_1,23953.458054537186,0.2769014304083775,2.98
355,SEAS_1,24240.83904759998,0.2735258860712042,3.0
355,SEAS_1,24525.78226927697,0.2701993683009775,3.02
355,SEAS_1,24810.39227465429,0.26689462719026363,3.04
355,SEAS_1,25102.958702597854,0.26352233692192734,3.06
355,SEAS_1,25386.937636143768,0.2602567832532438,3.08
355,SEAS_1,25664.353460875307,0.25707095761661686,3.1
355,SEAS_1,25936.29175794913,0.25395017828070826,3.12
355,SEAS_1,26213.884752144637,0.25078561817090345,3.14
355,SEAS_1,26498.859437535073,0.24756687758923762,3.16
355,SEAS_1,26774.798633311435,0.2444509002253813,3.18
355,SEAS_1,27043.357902470874,0.24141958569053026,3.2
355,SEAS_1,27305.709508735752,0.23846064009072132,3.22
355,SEAS_1,27578.12424445274,0.23543365473007458,3.24
355,SEAS_1,27851.302099275854,0.23340815700469697,3.26
355,SEAS_1,28123.287583439713,0.23042970132737428,3.28
355,SEAS_1,28395.418300352594,0.22747480363179567,3.3
355,SEAS_1,28670.665907619536,0.22452002395816684,3.32
355,SEAS_1,28956.866094103447,0.22150620425124598,3.34
355,SEAS_1,29240.207008880512,0.21854090487247096,3.36
355,SEAS_1,29509.282555437258,0.2157039298990198,3.38
355,SEAS_1,29777.868034256484,0.2128874274046593,3.4
355,SEAS_1,30083.612461745222,0.21078571925532852,3.42
355,SEAS_1,30386.093157396994,0.20776637646390728,3.44
355,SEAS_1,30673.870477741188,0.20486408594967082,3.46
355,SEAS_1,30956.10284778917,0.20200895716128595,3.48
355,SEAS_1,31250.356978339652,0.1990836923395885,3.5
355,SEAS_1,31593.24998735723,0.19680848410400595,3.52
355,SEAS_1,31888.906338382232,0.19389337631242323,3.54
355,SEAS_1,32194.018395527906,0.19092757694630716,3.56
355,SEAS_1,32509.160775110977,0.18791209546753584,3.58
355,SEAS_1,32864.369538683284,0.1856149650984463,3.6
355,SEAS_1,33173.24594403234,0.18266364773674038,3.62
355,SEAS_1,33494.718935911864,0.17965951181804923,3.64
355,SEAS_1,33866.54955846578,0.17733519457366703,3.66
355,SEAS_1,34179.601802549645,0.17442399467423966,3.68
355,SEAS_1,34515.187056053976,0.1714252718197728,3.7
355,SEAS_1,34907.58506299794,0.16909618939338392,3.72
355,SEAS_1,35245.330958943705,0.16615941726143696,3.74
355,SEAS_1,35583.66178859011,0.163255506375785,3.76
355,SEAS_1,35988.40996082387,0.1609924641210264,3.78
355,SEAS_1,36336.46282209235,0.1581236788265791,3.8
355,SEAS_1,36695.50755978293,0.15524491739522014,3.82
355,SEAS_1,37095.51795702554,0.15312636353471248,3.84
355,SEAS_1,37435.81539746294,0.15039782179839256,3.86
355,SEAS_1,37852.1881663124,0.14740056779890712,3.88
355,SEAS_1,38204.94468421632,0.1455681699676077,3.9
355,SEAS_1,38580.87659326969,0.14279015304569523,3.92
355,SEAS_1,38962.80812208732,0.14089192449000545,3.94
355,SEAS_1,39324.70910420068,0.13820918515299438,3.96
355,SEAS_1,39745.32179057023,0.1362111692628993,3.98
355,SEAS_1,40096.03883617883,0.13359850476483526,4.0
355,SEAS_1,40497.61942711853,0.13083010715345061,4.02
355,SEAS_1,40847.48829040544,0.12910386601525492,4.04
355,SEAS_1,41231.25541773883,0.12641776583986955,4.06
355,SEAS_1,41585.79436087499,0.12469173330347211,4.08
355,SEAS_1,41969.90808480565,0.12203290636183764,4.1
355,SEAS_1,42318.573188676324,0.12034792251730504,4.12
355,SEAS_1,42688.74683860224,0.11776646399326589,4.14
355,SEAS_1,43039.40021030439,0.11611113586122997,4.16
355,SEAS_1,43421.17657988903,0.11354738158897394,4.18
355,SEAS_1,43770.470949456605,0.11194303695666585,4.2
355,SEAS_1,44140.794099272636,0.10946703129732387,4.22
355,SEAS_1,44477.93493638404,0.10794553393234642,4.24
355,SEAS_1,44861.277173738,0.10549862770295493,4.26
355,SEAS_1,45181.28927976503,0.10406994840931406,4.28
355,SEAS_1,45560.119057153854,0.10169282243477866,4.3
355,SEAS_1,45909.0225968678,0.10024804821326233,4.32
355,SEAS_1,46260.68536454437,0.09881915454754896,4.34
355,SEAS_1,46653.15027204329,0.09649145556355007,4.36
355,SEAS_1,47015.77179809047,0.09508069761774944,4.38
355,SEAS_1,47409.563420007544,0.09279275703059647,4.4
355,SEAS_1,47723.423484024934,0.09150502905247675,4.42
355,SEAS_1,48105.270994124425,0.0900940239432805,4.44
355,SEAS_1,48512.43754481396,0.08781738905312841,4.46
355,SEAS_1,48887.92424303366,0.0864321132266895,4.48
355,SEAS_1,49301.27751660689,0.0841602533982121,4.5
355,SEAS_1,49635.25028418856,0.08285140879116701,4.52
355,SEAS_1,50030.27516026646,0.08144228998647268,4.54
355,SEAS_1,50465.60705609876,0.0791561603190212,4.56
355,SEAS_1,50826.83380848094,0.07781722941958669,4.58
355,SEAS_1,51233.44964717764,0.0764201574575869,4.6
355,SEAS_1,51685.5164223403,0.07415933573635612,4.62
355,SEAS_1,52060.02932879991,0.0728471293059767,4.64
355,SEAS_1,52494.502110137815,0.07147305762334658,4.66
355,SEAS_1,52964.74230728315,0.06926861067914988,4.68
355,SEAS_1,53353.20924136834,0.06801010316983999,4.7
355,SEAS_1,53795.04625671818,0.06670995371380493,4.72
355,SEAS_1,54298.132077824856,0.06456039433423506,4.74
355,SEAS_1,54710.62452906781,0.06335394822619793,4.76
355,SEAS_1,55178.94191958768,0.06210891768063128,4.78
355,SEAS_1,55671.110232787774,0.0600656655471909,4.8
500,SEAS_1,3380.8577002226657,1.0,1.0
500,SEAS_1,3505.0220480722937,1.0,1.02
500,SEAS_1,3632.9445383442257,1.0,1.04
500,SEAS_1,3767.500631239227,1.0,1.06
500,SEAS_1,3907.3543739956604,1.0,1.08
500,SEAS_1,4048.325572819078,1.0,1.1
500,SEAS_1,4188.372009633632,1.0,1.12
500,SEAS_1,4326.95510462942,1.0,1.14
500,SEAS_1,4464.361817886,1.0,1.16
500,SEAS_1,4602.223459537468,1.0,1.18
500,SEAS_1,4743.899782242269,1.0,1.2
500,SEAS_1,4892.335120420702,0.9802861768333646,1.22
500,SEAS_1,5045.154779167888,0.9602994697244432,1.24
500,SEAS_1,5197.770382292019,0.940960274486873,1.26
500,SEAS_1,5348.172343794111,0.9225721178402377,1.28
500,SEAS_1,5495.969746366864,0.9051122137747833,1.3
500,SEAS_1,5642.132181743149,0.8883422680651966,1.32
500,SEAS_1,5789.603163832475,0.8753985240521055,1.34
500,SEAS_1,5942.644695124183,0.8583821718075202,1.36
500,SEAS_1,6101.517786155838,0.8445949723560964,1.38
500,SEAS_1,6261.1370163085585,0.8275744725631606,1.4
500,SEAS_1,6418.3103561356575,0.8148827401733636,1.42
500,SEAS_1,6572.207817705127,0.7994242345578385,1.44
500,SEAS_1,6723.508621495214,0.7881446364728936,1.46
500,SEAS_1,6875.071566457216,0.7771123001962631,1.48
500,SEAS_1,7031.802196212971,0.7657800515919972,1.5
500,SEAS_1,7195.322231679826,0.7540237709900649,1.52
500,SEAS_1,7360.231104233197,0.7424501152812011,1.54
500,SEAS_1,7522.696074531152,0.7280190982894617,1.56
500,SEAS_1,7681.672366622766,0.7210086989891623,1.58
500,SEAS_1,7837.788425816589,0.7110876652740725,1.6
500,SEAS_1,7994.286237791844,0.7013404015917899,1.62
500,SEAS_1,8156.95448279715,0.6912678113565173,1.64
500,SEAS_1,8327.883679793522,0.6807407284340851,1.66
500,SEAS_1,8500.855781385506,0.6703073086740698,1.68
500,SEAS_1,8671.978175360788,0.66350561422446,1.7
500,SEAS_1,8840.025116061901,0.6538969635123555,1.72
500,SEAS_1,9005.555299558771,0.6478547312442433,1.74
500,SEAS_1,9172.444107036077,0.6386905224611343,1.76
500,SEAS_1,9347.585357146845,0.6322789200728249,1.78
500,SEAS_1,9532.52549264639,0.6222736086632897,1.8
500,SEAS_1,9720.006619627413,0.6154175442432318,1.82
500,SEAS_1,9906.887829730942,0.6057303916517582,1.84
500,SEAS_1,10091.618028049186,0.5994092683339807,1.86
500,SEAS_1,10274.727673599176,0.5933264730998139,1.88
500,SEAS_1,10460.979129283241,0.5842353534505897,1.9
500,SEAS_1,10658.282204961411,0.5776708064872778,1.92
500,SEAS_1,10865.86060275259,0.5707245013936698,1.94
500,SEAS_1,11076.025542268151,0.5638274331295995,1.96
500,SEAS_1,11286.947325859532,0.5542245308370174,1.98
500,SEAS_1,11496.48178917967,0.5477334819880971,2.0
500,SEAS_1,11705.554182091168,0.5414172008708364,2.02
500,SEAS_1,11920.254832239774,0.5349907763365711,2.04
500,SEAS_1,12148.886363591657,0.5281061971552733,2.06
500,SEAS_1,12386.164359294391,0.5210324806725257,2.08
500,SEAS_1,12625.99324539892,0.5140409841239164,2.1
500,SEAS_1,12867.178854596892,0.5071763565672675,2.12
500,SEAS_1,13106.799798394059,0.5005432078852227,2.14
500,SEAS_1,13346.999016222206,0.49404527465282394,2.16
500,SEAS_1,13595.831484939281,0.48994422854963227,2.18
500,SEAS_1,13860.11072748733,0.48287660267420407,2.2
500,SEAS_1,14129.376545449033,0.47582231611183806,2.22
500,SEAS_1,14401.648580325036,0.468850280143344,2.24
500,SEAS_1,14674.267989269401,0.4620418337503816,2.26
500,SEAS_1,14944.133929929754,0.45789770188710704,2.28
500,SEAS_1,15215.502209798427,0.45141750992334134,2.3
500,SEAS_1,15498.842431991905,0.44473561030503894,2.32
500,SEAS_1,15795.294926096796,0.4401806202196013,2.34
500,SEAS_1,16093.293626601173,0.43339426243935864,2.36
500,SEAS_1,16394.814941482775,0.42667856341613536,2.38
500,SEAS_1,16693.775340869342,0.42244495638297314,2.4
500,SEAS_1,16988.608235323256,0.4161782134176955,2.42
500,SEAS_1,17286.274973635467,0.4121864423305427,2.44
500,SEAS_1,17598.869350308203,0.4057488037398716,2.46
500,SEAS_1,17917.038195299236,0.39933012967883463,2.48
500,SEAS_1,18236.45647363276,0.3951726152960517,2.5
500,SEAS_1,18558.140542902816,0.39106021512008293,2.52
500,SEAS_1,18873.30490233148,0.38507948233109107,2.54
500,SEAS_1,19183.921571719788,0.38138514822987496,2.56
500,SEAS_1,19500.06824776169,0.3755983282880672,2.58
500,SEAS_1,19830.383439448433,0.3716948895649997,2.6
500,SEAS_1,20157.83270718204,0.36590728386442684,2.62
500,SEAS_1,20488.895209377108,0.3621691909942034,2.64
500,SEAS_1,20817.570696240367,0.3585449099784467,2.66
500,SEAS_1,21136.707040111833,0.35318398726469463,2.68
500,SEAS_1,21452.449048014503,0.34991602879581046,2.7
500,SEAS_1,21778.640897209752,0.34653062790995903,2.72
500,SEAS_1,22109.944801746118,0.3431198665691862,2.74
500,SEAS_1,22437.04889943605,0.33792767715737965,2.76
500,SEAS_1,22768.640876751906,0.33463411429748524,2.78
500,SEAS_1,23090.839210321123,0.3315231013171463,2.8
500,SEAS_1,23403.234937658985,0.32858801729164766,2.82
500,SEAS_1,23715.484472645476,0.3238368669008941,2.84
500,SEAS_1,24041.693732354906,0.32078720778711767,2.86
500,SEAS_1,24360.748320778373,0.3178634738459561,2.88
500,SEAS_1,24681.878889371088,0.3149392011498461,2.9
500,SEAS_1,25003.168698235524,0.31203786925049143,2.92
500,SEAS_1,25310.398763647536,0.30933119335328135,2.94
500,SEAS_1,25610.338793423565,0.3067255242384638,2.96
500,SEAS_1,25917.187289998954,0.30227494388400605,2.98
500,SEAS_1,26230.51918897588,0.2995432248736032,3.0
500,SEAS_1,26535.982385515163,0.29691180171644926,3.02
500,SEAS_1,26849.636409066876,0.29419821061448775,3.04
500,SEAS_1,27154.330201054705,0.29159129085128094,3.06
500,SEAS_1,27446.568239445172,0.28912136737385336,3.08
500,SEAS_1,27736.35643618953,0.2866770590210822,3.1
500,SEAS_1,28041.19032012095,0.28407942206417247,3.12
500,SEAS_1,28337.94573555451,0.28156704939358324,3.14
500,SEAS_1,28637.935540766233,0.2790249071411437,3.16
500,SEAS_1,28945.116672477747,0.2764170417545857,3.18
500,SEAS_1,29237.640712166864,0.27395209614605964,3.2
500,SEAS_1,29523.41486981573,0.2715494894886167,3.22
500,SEAS_1,29815.8908343732,0.26908441031509767,3.24
500,SEAS_1,30117.85507782317,0.2682109242109312,3.26
500,SEAS_1,30412.869531809472,0.26572160065710276,3.28
500,SEAS_1,30721.45666136038,0.2631172360069056,3.3
500,SEAS_1,31025.587270540087,0.2605558153146283,3.32
500,SEAS_1,31319.204387944155,0.2580846203575487,3.34
500,SEAS_1,31612.640801559297,0.25561471882307196,3.36
500,SEAS_1,31924.26483735029,0.2529999056703549,3.38
500,SEAS_1,32229.73792402893,0.2504372079780022,3.4
500,SEAS_1,32541.268584459976,0.24946545701552883,3.42
500,SEAS_1,32866.876791474504,0.24675182444410695,3.44
500,SEAS_1,33179.81986135694,0.24413758673625213,3.46
500,SEAS_1,33490.56160467779,0.24154057505416923,3.48
500,SEAS_1,33810.328178179785,0.23887947795337117,3.5
500,SEAS_1,34140.66748030497,0.23775764443183145,3.52
500,SEAS_1,34467.746164997945,0.2350469109030116,3.54
500,SEAS_1,34812.738918103205,0.23221790628035605,3.56
500,SEAS_1,35157.63045304476,0.2293948555253222,3.58
500,SEAS_1,35494.80693295434,0.22821602795739082,3.6
500,SEAS_1,35831.910572997935,0.22544508369716024,3.62
500,SEAS_1,36187.633578966415,0.22255968687804328,3.64
500,SEAS_1,36543.01562539666,0.22125543309464266,3.66
500,SEAS_1,36902.313202830934,0.21835415749435322,3.68
500,SEAS_1,37281.30215350091,0.21534321892420485,3.7
500,SEAS_1,37653.794272796964,0.21393578082370798,3.72
500,SEAS_1,38017.9311203083,0.2110208575048301,3.74
500,SEAS_1,38392.57209765016,0.20805348896561893,3.76
500,SEAS_1,38780.78724183841,0.20656391141270994,3.78
500,SEAS_1,39162.48184003556,0.20357362281327118,3.8
500,SEAS_1,39564.52607925438,0.20048919749720212,3.82
500,SEAS_1,39972.86803987555,0.19891438392975544,3.84
500,SEAS_1,40362.349210400025,0.1959175225110826,3.86
500,SEAS_1,40762.40050409689,0.1928818546953926,3.88
500,SEAS_1,41171.57849967769,0.19133012674446617,3.9
500,SEAS_1,41581.133903193506,0.18827803371252463,3.92
500,SEAS_1,41998.14403042107,0.186709240463618,3.94
500,SEAS_1,42427.15234098784,0.18360336300198205,3.96
500,SEAS_1,42855.9174896699,0.18200636570067197,3.98
500,SEAS_1,43265.15498020474,0.17901892425845195,4.0
500,SEAS_1,43703.4058293915,0.17592877226793358,4.02
500,SEAS_1,44114.99704182337,0.17443896663035888,4.04
500,SEAS_1,44556.07668518086,0.17137168858894886,4.06
500,SEAS_1,44992.42157706824,0.16980601023488637,4.08
500,SEAS_1,45439.678990462126,0.1667498087287586,4.1
500,SEAS_1,45862.37874532621,0.16525444727555036,4.12
500,SEAS_1,46300.264464526925,0.16226090651884365,4.14
500,SEAS_1,46725.36642208084,0.16077104861129438,4.16
500,SEAS_1,47169.32669081413,0.15778024421488643,4.18
500,SEAS_1,47592.43446356905,0.1563078156026021,4.2
500,SEAS_1,48058.41714019754,0.15326644567159334,4.22
500,SEAS_1,48479.061106604706,0.15180957465701728,4.24
500,SEAS_1,48923.156994192104,0.1488549223512444,4.26
500,SEAS_1,49348.93491529954,0.1473851671354408,4.28
500,SEAS_1,49771.54051824168,0.14450417614443906,4.3
500,SEAS_1,50206.11719433675,0.14300879246945616,4.32
500,SEAS_1,50638.83767272353,0.14151543823115065,4.34
500,SEAS_1,51071.20279780732,0.13861455543574552,4.36
500,SEAS_1,51484.72476143817,0.13717161078694862,4.38
500,SEAS_1,51909.26479959772,0.13429377176583168,4.4
500,SEAS_1,52332.523906133305,0.13282191537856092,4.42
500,SEAS_1,52728.55121888836,0.13141439308600075,4.44
500,SEAS_1,53148.9279166901,0.12854988276642232,4.46
500,SEAS_1,53573.56969975814,0.12707046191686217,4.48
500,SEAS_1,53982.76284091951,0.12423668127145582,4.5
500,SEAS_1,54391.993638726235,0.12279535638034834,4.52
500,SEAS_1,54789.84627134362,0.12137859658126723,4.54
500,SEAS_1,55178.82981338131,0.118596955890226,4.56
500,SEAS_1,55595.6626737404,0.11714355208033837,4.58
500,SEAS_1,55995.30892097159,0.11572811776986182,4.6
500,SEAS_1,56389.32305701067,0.11294749383032501,4.62
500,SEAS_1,56814.0091059938,0.11149057264592918,4.64
500,SEAS_1,57197.310072141336,0.11011779107128805,4.66
500,SEAS_1,57568.33728132066,0.10739497107378844,4.68
500,SEAS_1,57981.864884793686,0.10597305714992283,4.7
500,SEAS_1,58370.71031656182,0.10459920266584934,4.72
500,SEAS_1,58773.05305307963,0.10183196841284273,4.74
500,SEAS_1,59182.396188253035,0.10043040107504111,4.76
500,SEAS_1,59562.58277362951,0.099079850661391,4.78
500,SEAS_1,59965.953937453305,0.096322132034801,4.8
532,SEAS_1,3401.6877147448176,1.0,1.0
532,SEAS_1,3535.580681522618,1.0,1.02
532,SEAS_1,3669.5642177451086,1.0,1.04
532,SEAS_1,3803.326544080687,1.0,1.06
532,SEAS_1,3937.1372870246446,1.0,1.08
532,SEAS_1,4072.1045869984496,1.0,1.1
532,SEAS_1,4210.4762049456485,1.0,1.12
532,SEAS_1,4355.012640310231,1.0,1.14
532,SEAS_1,4506.020262194904,1.0,1.16
532,SEAS_1,4660.063101504893,1.0,1.18
532,SEAS_1,4813.903299600775,1.0,1.2
532,SEAS_1,4966.261069670938,0.9779535077588639,1.22
532,SEAS_1,5117.094903099773,0.9568279204278113,1.24
532,SEAS_1,5267.468513407259,0.9363603188442954,1.26
532,SEAS_1,5419.846634562014,0.9160966327088017,1.28
532,SEAS_1,5577.569636979533,0.8955273209623056,1.3
532,SEAS_1,5741.547801372548,0.8746177470668022,1.32
532,SEAS_1,5908.151573819901,0.8584817560081641,1.34
532,SEAS_1,6073.618685142163,0.838675346284905,1.36
532,SEAS_1,6236.4211282361775,0.8242372285539455,1.38
532,SEAS_1,6396.548047294535,0.8062657037130957,1.4
532,SEAS_1,6555.429183130693,0.7932546527579238,1.42
532,SEAS_1,6716.2268127288935,0.7761382515974025,1.44
532,SEAS_1,6882.639958083713,0.7630806153001481,1.46
532,SEAS_1,7054.322791235657,0.7498627899643381,1.48
532,SEAS_1,7226.583380233211,0.7370059349899893,1.5
532,SEAS_1,7396.192830975799,0.7248064655513218,1.52
532,SEAS_1,7562.2195338178535,0.7132972561731726,1.54
532,SEAS_1,7725.284161309412,0.6984066476852745,1.56
532,SEAS_1,7887.877763376329,0.6917395407271197,1.58
532,SEAS_1,8054.383660317018,0.6810363418815238,1.6
532,SEAS_1,8227.711447971496,0.6700382530142999,1.62
532,SEAS_1,8404.26220313656,0.6590739265444087,1.64
532,SEAS_1,8579.123409338681,0.6485263014112012,1.66
532,SEAS_1,8750.381798745893,0.6385054142365624,1.68
532,SEAS_1,8917.927275387308,0.6326018114814219,1.7
532,SEAS_1,9083.639440543913,0.6233544637037252,1.72
532,SEAS_1,9251.913316310533,0.6176707959334201,1.74
532,SEAS_1,9427.932732691128,0.6080784903597246,1.76
532,SEAS_1,9610.5383999784,0.6017540028883636,1.78
532,SEAS_1,9793.588383805136,0.5921154072297272,1.8
532,SEAS_1,9974.12451389946,0.586228499890827,1.82
532,SEAS_1,10151.214621026767,0.5773060845838791,1.84
532,SEAS_1,10325.88255570721,0.5720042949280849,1.86
532,SEAS_1,10502.148564523259,0.5667066734300624,1.88
532,SEAS_1,10686.510380728667,0.557824332666437,1.9
532,SEAS_1,10880.786666680917,0.5518236405899855,1.92
532,SEAS_1,11078.34143110167,0.5457888001647403,1.94
532,SEAS_1,11275.380054926929,0.53990783452039,1.96
532,SEAS_1,11470.31209482599,0.5311436465074988,1.98
532,SEAS_1,11663.022787402006,0.5257200282907635,2.0
532,SEAS_1,11856.811116782099,0.5203457180702431,2.02
532,SEAS_1,12058.630543353065,0.5147220843932426,2.04
532,SEAS_1,12273.012596787159,0.5086838301984574,2.06
532,SEAS_1,12493.244147091515,0.5025395772496407,2.08
532,SEAS_1,12714.910989644335,0.49647474138131853,2.1
532,SEAS_1,12936.283627963934,0.4905518989951301,2.12
532,SEAS_1,13156.030367489235,0.484811547390764,2.14
532,SEAS_1,13376.593637587932,0.47915400963870847,2.16
532,SEAS_1,13604.883912165278,0.47611641989210485,2.18
532,SEAS_1,13847.62077516758,0.469890513894278,2.2
532,SEAS_1,14098.05644671377,0.46354926452543715,2.22
532,SEAS_1,14351.061277214943,0.45727095280129354,2.24
532,SEAS_1,14605.270267491182,0.45109637298649585,2.26
532,SEAS_1,14858.03367474792,0.44772601719482696,2.28
532,SEAS_1,15110.96890655974,0.44181601376971935,2.3
532,SEAS_1,15370.889035140419,0.43582510368634636,2.32
532,SEAS_1,15646.372766105218,0.43207008146815806,2.34
532,SEAS_1,15930.62740984936,0.42564587684687266,2.36
532,SEAS_1,16217.6129307527,0.41929852941277734,2.38
532,SEAS_1,16506.791700748385,0.4154922040021604,2.4
532,SEAS_1,16793.899892775735,0.40938871941772026,2.42
532,SEAS_1,17079.65339240301,0.40584669173437027,2.44
532,SEAS_1,17370.829473618465,0.39986531667095315,2.46
532,SEAS_1,17677.689047826374,0.39365411839459663,2.48
532,SEAS_1,17993.466310324064,0.38970367435664066,2.5
532,SEAS_1,18311.279155618562,0.3857982740967509,2.52
532,SEAS_1,18632.05139331996,0.3796397576823064,2.54
532,SEAS_1,18949.554753891036,0.37592573077925817,2.56
532,SEAS_1,19263.43284291074,0.370127078473682,2.58
532,SEAS_1,19580.450205590525,0.3665821249676822,2.6
532,SEAS_1,19912.31435114258,0.36065046459085354,2.62
532,SEAS_1,20252.117952603046,0.35685357819384705,2.64
532,SEAS_1,20592.389157292168,0.35312678902906613,2.66
532,SEAS_1,20936.284680042263,0.3472997411129983,2.68
532,SEAS_1,21275.469706033564,0.3437545537221601,2.7
532,SEAS_1,21608.52948783181,0.3403711863282114,2.72
532,SEAS_1,21942.279052357713,0.3370344075643251,2.74
532,SEAS_1,22289.58560181703,0.3315115682090266,2.76
532,SEAS_1,22642.853276970687,0.3280186084720975,2.78
532,SEAS_1,22994.362587890428,0.3246132918903506,2.8
532,SEAS_1,23350.01155768447,0.3212092837866529,2.82
532,SEAS_1,23699.26528602562,0.31598433051576297,2.84
532,SEAS_1,24039.946049073398,0.31290095406528357,2.86
532,SEAS_1,24379.204733402075,0.3098777659269365,2.88
532,SEAS_1,24730.997505165236,0.3067378719876626,2.9
532,SEAS_1,25086.265815850315,0.3035997101047989,2.92
532,SEAS_1,25437.634152189607,0.300550782988179,2.94
532,SEAS_1,25793.73127295474,0.2974856184496099,2.96
532,SEAS_1,26141.561980491868,0.292690036344663,2.98
532,SEAS_1,26478.61179010836,0.28991797767988525,3.0
532,SEAS_1,26812.692360082423,0.2872014369186985,3.02
532,SEAS_1,27158.99041279232,0.2843773043111656,3.04
532,SEAS_1,27506.13519230982,0.2815686771317348,3.06
532,SEAS_1,27848.301738058468,0.27883246501057507,3.08
532,SEAS_1,28196.4536445059,0.27605613703409704,3.1
532,SEAS_1,28534.71116850429,0.2733939353971588,3.12
532,SEAS_1,28860.649269128277,0.2708608803957909,3.14
532,SEAS_1,29182.822087558536,0.26836982059127795,3.16
532,SEAS_1,29517.81013505377,0.26576820738919366,3.18
532,SEAS_1,29850.930903372355,0.2631917392663482,3.2
532,SEAS_1,30179.65727802254,0.26066026668036574,3.22
532,SEAS_1,30516.663652075164,0.2580634556173395,3.24
532,SEAS_1,30842.87986549166,0.25728823920940896,3.26
532,SEAS_1,31156.621982780554,0.2548848128008511,3.28
532,SEAS_1,31466.95393497109,0.2525073033175291,3.3
532,SEAS_1,31791.76265803411,0.25001328399722894,3.32
532,SEAS_1,32111.91373492557,0.24755700179702064,3.34
532,SEAS_1,32429.912754054316,0.24511732310273399,3.36
532,SEAS_1,32759.372918134493,0.24259246013965022,3.38
532,SEAS_1,33077.89681805488,0.24015013501306534,3.4
532,SEAS_1,33385.41384061951,0.23946310853664998,3.42
532,SEAS_1,33691.02569917143,0.23710383286109873,3.44
532,SEAS_1,34013.5639334569,0.23462450775046043,3.46
532,SEAS_1,34329.18674556945,0.23219334139435494,3.48
532,SEAS_1,34646.103722276894,0.22975307469783468,3.5
532,SEAS_1,34977.98739771462,0.22886765130297884,3.52
532,SEAS_1,35298.73079293767,0.22639844651719537,3.54
532,SEAS_1,35610.58507947579,0.22398560302116227,3.56
532,SEAS_1,35922.88171868628,0.2215679983765899,3.58
532,SEAS_1,36254.90430131694,0.2206642347801614,3.6
532,SEAS_1,36579.299272251475,0.2181668580739573,3.62
532,SEAS_1,36907.37056923883,0.2156478840987905,3.64
532,SEAS_1,37254.139758843245,0.2146450103748812,3.66
532,SEAS_1,37589.9432237357,0.2120788157064732,3.68
532,SEAS_1,37917.73224482286,0.2095576526240375,3.7
532,SEAS_1,38249.159210269114,0.208626328442916,3.72
532,SEAS_1,38601.5048230851,0.20596479793560554,3.74
532,SEAS_1,38946.27585023813,0.2033451560948315,3.76
532,SEAS_1,39298.03198446434,0.20228794834779593,3.78
532,SEAS_1,39671.127141605364,0.1995195724453581,3.8
532,SEAS_1,40030.85051089612,0.1968215616577962,3.82
532,SEAS_1,40385.645163766356,0.19573261923593832,3.84
532,SEAS_1,40746.90930856396,0.19302165197004098,3.86
532,SEAS_1,41123.85702874069,0.19023794225176296,3.88
532,SEAS_1,41499.68692020855,0.18903268131589726,3.9
532,SEAS_1,41882.74509487977,0.18622026769434805,3.92
532,SEAS_1,42284.79631309928,0.1848905565645518,3.94
532,SEAS_1,42678.84197529259,0.18203304312128607,3.96
532,SEAS_1,43062.120738652506,0.18077915546693493,3.98
532,SEAS_1,43460.47163742896,0.17790644002345413,4.0
532,SEAS_1,43865.225158183785,0.17501407953397244,4.02
532,SEAS_1,44273.53577107368,0.1736535592594159,4.04
532,SEAS_1,44688.506541226074,0.17073066349925647,4.06
532,SEAS_1,45123.86483283587,0.1692702730384281,4.08
532,SEAS_1,45546.18162105685,0.16633533724515878,4.1
532,SEAS_1,45964.405002816886,0.16494607600178077,4.12
532,SEAS_1,46392.19454248884,0.16200788581781017,4.14
532,SEAS_1,46831.58269150422,0.16055329243631147,4.16
532,SEAS_1,47258.87074218917,0.1576366510963709,4.18
532,SEAS_1,47712.98129005886,0.15614648289122401,4.2
532,SEAS_1,48166.175299089766,0.15316857744711962,4.22
532,SEAS_1,48620.68307654157,0.1516945598845661,4.24
532,SEAS_1,49056.81451492656,0.14879511444236382,4.26
532,SEAS_1,49520.09456587635,0.14731072057797606,4.28
532,SEAS_1,49967.45139259745,0.14440090982283377,4.3
532,SEAS_1,50422.17799901344,0.1429574976004639,4.32
532,SEAS_1,50897.86192798657,0.14146157803031184,4.34
532,SEAS_1,51364.410903395394,0.13853083253286538,4.36
532,SEAS_1,51834.104619606034,0.13706757778458842,4.38
532,SEAS_1,52281.45549480262,0.13420911323411586,4.4
532,SEAS_1,52765.01664647952,0.13272274095956116,4.42
532,SEAS_1,53210.10239568837,0.13133667145372055,4.44
532,SEAS_1,53672.17822312581,0.128462428911347,4.46
532,SEAS_1,54162.81922811195,0.12697306631308664,4.48
532,SEAS_1,54621.334607297766,0.12412177253851103,4.5
532,SEAS_1,55094.145880656506,0.12267988481817924,4.52
532,SEAS_1,55554.15766804725,0.1212663920425835,4.54
532,SEAS_1,56004.58021219463,0.1184420803884243,4.56
532,SEAS_1,56466.892788470985,0.11702209765637568,4.58
532,SEAS_1,56931.9486649328,0.11559445462503747,4.6
532,SEAS_1,57390.384422398325,0.11275653102966793,4.62
532,SEAS_1,57858.371877092315,0.11132014820657159,4.64
532,SEAS_1,58315.14533019099,0.10990264953204293,4.66
532,SEAS_1,58750.6083200599,0.10710777591811232,4.68
532,SEAS_1,59201.56684962134,0.10569534829464439,4.7
532,SEAS_1,59647.229750584964,0.10428925744822136,4.72
532,SEAS_1,60086.37614091748,0.10148434129709562,4.74
532,SEAS_1,60543.732785334774,0.1000546121322203,4.76
532,SEAS_1,60980.651401067735,0.09865716039135619,4.78
532,SEAS_1,61432.44690939973,0.09583378758275561,4.8
550,SEAS_1,3387.635748504851,1.0,1.0
550,SEAS_1,3519.9858368992213,1.0,1.02
550,SEAS_1,3657.848944854915,1.0,1.04
550,SEAS_1,3798.1760793208073,1.0,1.06
550,SEAS_1,3938.9886360230166,1.0,1.08
550,SEAS_1,4079.6332540835974,1.0,1.1
550,SEAS_1,4220.233063810943,1.0,1.12
550,SEAS_1,4361.669776802226,1.0,1.14
550,SEAS_1,4505.806691189418,1.0,1.16
550,SEAS_1,4655.279739942045,1.0,1.18
550,SEAS_1,4811.554920341372,1.0,1.2
550,SEAS_1,4972.527614954803,0.975122126187553,1.22
550,SEAS_1,5134.537629789462,0.9509828259880135,1.24
550,SEAS_1,5295.442295132991,0.9279352520180213,1.26
550,SEAS_1,5454.674896852645,0.9059916474217236,1.28
550,SEAS_1,5612.78732146359,0.8849773831229686,1.3
550,SEAS_1,5771.541959022484,0.86456289973531,1.32
550,SEAS_1,5933.9192037840185,0.848820030764686,1.34
550,SEAS_1,6102.468591518393,0.8283300827958786,1.36
550,SEAS_1,6275.932992988394,0.8123240575305113,1.38
550,SEAS_1,6450.200490835289,0.7925044971765828,1.4
550,SEAS_1,6622.4487921295095,0.7778902805480759,1.42
550,SEAS_1,6791.785331345248,0.7599228241620898,1.44
550,SEAS_1,6958.706224763559,0.746926455170086,1.46
550,SEAS_1,7125.190249154153,0.734384169037665,1.48
550,SEAS_1,7294.709195202893,0.721921423154092,1.5
550,SEAS_1,7470.14865757913,0.7092761261870978,1.52
550,SEAS_1,7649.724699277499,0.6966545063643493,1.54
550,SEAS_1,7828.855702449104,0.6806006695815071,1.56
550,SEAS_1,8004.889552437366,0.6729355560097254,1.58
550,SEAS_1,8177.196078626486,0.6620284541188236,1.6
550,SEAS_1,8346.679759896537,0.6516318457987665,1.62
550,SEAS_1,8516.057276331736,0.6415007656259967,1.64
550,SEAS_1,8689.634927501362,0.6313066507312401,1.66
550,SEAS_1,8869.823807732751,0.6208990089518374,1.68
550,SEAS_1,9052.968561527377,0.6141222594298376,1.7
550,SEAS_1,9234.326842812083,0.60412099744977,1.72
550,SEAS_1,9411.940143179974,0.5980841893957745,1.74
550,SEAS_1,9585.659815136454,0.5889747509533726,1.76
550,SEAS_1,9757.209237842793,0.5835954250991359,1.78
550,SEAS_1,9930.639591130546,0.5748248372719865,1.8
550,SEAS_1,10111.143123114613,0.5691698175387453,1.82
550,SEAS_1,10298.949842857604,0.5599202132323036,1.84
550,SEAS_1,10488.238095985076,0.5540647780947672,1.86
550,SEAS_1,10675.307756448032,0.5484484919953017,1.88
550,SEAS_1,10858.890484320187,0.5399108624582398,1.9
550,SEAS_1,11039.387611897251,0.5348552884118281,1.92
550,SEAS_1,11219.796078070012,0.5298858708633815,1.94
550,SEAS_1,11405.92176570576,0.5247304584065313,1.96
550,SEAS_1,11602.439556442536,0.5161103419665497,1.98
550,SEAS_1,11805.158473962707,0.5104430644843383,2.0
550,SEAS_1,12008.410994593673,0.5048668822206277,2.02
550,SEAS_1,12210.117380611355,0.4994623954803617,2.04
550,SEAS_1,12409.24689825549,0.4942596029944262,2.06
550,SEAS_1,12607.210023576612,0.4891903265037148,2.08
550,SEAS_1,12808.932638770857,0.48406002421062094,2.1
550,SEAS_1,13021.602090050332,0.47861086698958805,2.12
550,SEAS_1,13245.219173079802,0.4728708363403462,2.14
550,SEAS_1,13472.353395785678,0.46712495520511865,2.16
550,SEAS_1,13700.374249622955,0.4642580869528963,2.18
550,SEAS_1,13927.428528032151,0.45871358914358196,2.2
550,SEAS_1,14153.073644426022,0.4533180844154365,2.22
550,SEAS_1,14380.75028750495,0.44795451699111094,2.24
550,SEAS_1,14617.903128250982,0.44239686695823666,2.26
550,SEAS_1,14869.453752595402,0.4391769317627187,2.28
550,SEAS_1,15127.544987565378,0.4332049835484664,2.3
550,SEAS_1,15388.140028365317,0.4272890551860642,2.32
550,SEAS_1,15649.660474574976,0.424044863996406,2.34
550,SEAS_1,15909.724124155146,0.4183534689943039,2.36
550,SEAS_1,16170.064479758885,0.4127621659064469,2.38
550,SEAS_1,16437.23108698393,0.40960151872797296,2.4
550,SEAS_1,16719.827558658464,0.4036485828028245,2.42
550,SEAS_1,17012.4690146523,0.4000274350000157,2.44
550,SEAS_1,17307.940954418173,0.3939973729582699,2.46
550,SEAS_1,17606.02953886528,0.38803438893483105,2.48
550,SEAS_1,17902.666320391076,0.38459221472544686,2.5
550,SEAS_1,18197.329141679904,0.38125542314405797,2.52
550,SEAS_1,18495.311044620976,0.3755850450959566,2.54
550,SEAS_1,18806.694186526354,0.3720519856374813,2.56
550,SEAS_1,19131.69275229879,0.36604748543384513,2.58
550,SEAS_1,19458.89564770699,0.3623759295052854,2.6
550,SEAS_1,19789.76675801852,0.3564823657229552,2.62
550,SEAS_1,20119.8906415311,0.35292367702828864,2.64
550,SEAS_1,20445.554324692166,0.3495072337758329,2.66
550,SEAS_1,20770.55737673073,0.3439964505042402,2.68
550,SEAS_1,21104.53814979924,0.3405790572320431,2.7
550,SEAS_1,21454.338882493983,0.3369715655288812,2.72
550,SEAS_1,21805.542032390786,0.33341098901961674,2.74
550,SEAS_1,22159.80379834681,0.32778982440359145,2.76
550,SEAS_1,22515.117235351754,0.32431914497998526,2.78
550,SEAS_1,22863.972397415066,0.32100101153972804,2.8
550,SEAS_1,23208.291823706026,0.31779923671784477,2.82
550,SEAS_1,23556.396437179566,0.3125867519848193,2.84
550,SEAS_1,23920.043203203146,0.3092471217559202,2.86
550,SEAS_1,24285.331785045604,0.30594252198440985,2.88
550,SEAS_1,24650.72192252535,0.3026906420499094,2.9
550,SEAS_1,25019.41838958064,0.2994504741810582,2.92
550,SEAS_1,25380.651486444913,0.296348039051382,2.94
550,SEAS_1,25733.783673397782,0.29338161628132176,2.96
550,SEAS_1,26086.04119334423,0.2885642082087815,2.98
550,SEAS_1,26451.168107997146,0.28555309418670666,3.0
550,SEAS_1,26820.28032172245,0.28253844022760954,3.02
550,SEAS_1,27184.991792982837,0.27960720651872834,3.04
550,SEAS_1,27554.65145099745,0.2766599814575862,3.06
550,SEAS_1,27917.472632750076,0.2738136742531153,3.08
550,SEAS_1,28268.87797791201,0.2711053312147364,3.1
550,SEAS_1,28615.612415260006,0.26846239833276303,3.12
550,SEAS_1,28970.979457750156,0.2657581895226044,3.14
550,SEAS_1,29334.615890751586,0.2629995913703818,3.16
550,SEAS_1,29689.632014134637,0.26033792902620745,3.18
550,SEAS_1,30050.014585980018,0.25764650866286987,3.2
550,SEAS_1,30406.74666097496,0.2550024410096902,3.22
550,SEAS_1,30749.35108766037,0.252488200306789,3.24
550,SEAS_1,31084.36016208354,0.2517858440543841,3.26
550,SEAS_1,31423.48634747577,0.24930427032497868,3.28
550,SEAS_1,31775.479327585017,0.24672741814665833,3.3
550,SEAS_1,32116.44661872718,0.24424239203422612,3.32
550,SEAS_1,32461.95986489719,0.24172715225617022,3.34
550,SEAS_1,32809.76996703354,0.23919958103664335,3.36
550,SEAS_1,33142.31736043311,0.23678555470162496,3.38
550,SEAS_1,33465.5567383199,0.2344363229727234,3.4
550,SEAS_1,33789.529718840844,0.23376753725243302,3.42
550,SEAS_1,34129.57308978103,0.23129303715049465,3.44
550,SEAS_1,34458.928341077975,0.22889092083876955,3.46
550,SEAS_1,34791.273286258234,0.22646777420811326,3.48
550,SEAS_1,35132.80417061598,0.2239852623845745,3.5
550,SEAS_1,35460.182318198655,0.22325456640887048,3.52
550,SEAS_1,35778.05090844438,0.22091455187587083,3.54
550,SEAS_1,36095.24282099808,0.21857453212860678,3.56
550,SEAS_1,36430.201168286105,0.2161248663210364,3.58
550,SEAS_1,36756.67454319859,0.21536947164000406,3.6
550,SEAS_1,37084.61019526488,0.2129552169934827,3.62
550,SEAS_1,37427.9936178831,0.21045241431958997,3.64
550,SEAS_1,37760.651977378366,0.20964239091891296,3.66
550,SEAS_1,38083.42048979438,0.2072498542672889,3.68
550,SEAS_1,38405.8165734957,0.20485598115994622,3.7
550,SEAS_1,38746.79240288917,0.20398241741023404,3.72
550,SEAS_1,39081.87509238948,0.20151476314986017,3.74
550,SEAS_1,39419.79884871213,0.19903102330794895,3.76
550,SEAS_1,39775.231472849635,0.19806879597826837,3.78
550,SEAS_1,40124.20652076179,0.19552633020858295,3.8
550,SEAS_1,40465.911667627064,0.19301800561645122,3.82
550,SEAS_1,40804.939849188304,0.1921189466499822,3.84
550,SEAS_1,41161.34474375963,0.18953401667819608,3.86
550,SEAS_1,41519.82457852443,0.18693864189192622,3.88
550,SEAS_1,41877.59178994999,0.18593377962290814,3.9
550,SEAS_1,42253.65282659186,0.18325566947603658,3.92
550,SEAS_1,42633.56221782228,0.18214204756569652,3.94
550,SEAS_1,43000.187437189365,0.17950107944973917,3.96
550,SEAS_1,43368.89484384637,0.17842179111751247,3.98
550,SEAS_1,43747.80499123843,0.17572329340534357,4.0
550,SEAS_1,44138.77841221355,0.17297608342601742,4.02
550,SEAS_1,44521.822274687875,0.17182160753186917,4.04
550,SEAS_1,44927.750678918805,0.16901473843136083,4.06
550,SEAS_1,45339.83254802949,0.16774089629401195,4.08
550,SEAS_1,45742.379075943536,0.16494829827026133,4.1
550,SEAS_1,46141.90150589442,0.16371300405365166,4.12
550,SEAS_1,46551.587872874596,0.16089541269338076,4.14
550,SEAS_1,46974.66994818715,0.1595723738193072,4.16
550,SEAS_1,47389.771375466815,0.15674073002902728,4.18
550,SEAS_1,47822.90990682934,0.15538355915118882,4.2
550,SEAS_1,48271.160176341626,0.15245386971868968,4.22
550,SEAS_1,48705.533439997576,0.15109661448072886,4.24
550,SEAS_1,49141.143448884526,0.14822030845122086,4.26
550,SEAS_1,49574.955265163284,0.14686925128849906,4.28
550,SEAS_1,50033.24750211238,0.1439406160130013,4.3
550,SEAS_1,50474.78741308865,0.14257445182423426,4.32
550,SEAS_1,50935.43112782949,0.1411568077069129,4.34
550,SEAS_1,51413.35260673279,0.13820314881942092,4.36
550,SEAS_1,51873.88242963342,0.13679931795695935,4.38
550,SEAS_1,52339.80210687868,0.13390035576369075,4.4
550,SEAS_1,52792.80727711352,0.13252785992660587,4.42
550,SEAS_1,53272.13925165311,0.13109320248900488,4.44
550,SEAS_1,53745.93433168332,0.12820458467485313,4.46
550,SEAS_1,54209.96658537764,0.1268201465181623,4.48
550,SEAS_1,54716.98867847788,0.12387542663721787,4.5
550,SEAS_1,55190.711022171425,0.1224809287274125,4.52
550,SEAS_1,55669.26377585048,0.12107853797707972,4.54
550,SEAS_1,56149.03170759184,0.11822294553989202,4.56
550,SEAS_1,56617.54485785292,0.11685022962940687,4.58
550,SEAS_1,57109.2071975665,0.11543111465153127,4.6
550,SEAS_1,57590.8938490173,0.1125909164981006,4.62
550,SEAS_1,58078.763476768065,0.111185892696852,4.64
550,SEAS_1,58574.71738881602,0.10976575761166356,4.66
550,SEAS_1,59056.935440060966,0.10693852182511336,4.68
550,SEAS_1,59517.44290756652,0.10558450582312237,4.7
550,SEAS_1,59999.98425844808,0.10418846835487003,4.72
550,SEAS_1,60480.35595161021,0.10136941632478441,4.74
550,SEAS_1,60952.646575123385,0.09998834490888939,4.76
550,SEAS_1,61437.83702698129,0.09858265626022261,4.78
550,SEAS_1,61919.21028199609,0.0957633771109702,4.8
1064,SEAS_1,1512.985298972348,1.0,1.0
1064,SEAS_1,1585.9215856396152,1.0,1.02
1064,SEAS_1,1661.819675403052,1.0,1.04
1064,SEAS_1,1740.7432954893072,1.0,1.06
1064,SEAS_1,1822.81961635406,1.0,1.08
1064,SEAS_1,1908.2399338877515,1.0,1.1
1064,SEAS_1,1997.2571998899034,1.0,1.12
1064,SEAS_1,2090.17818647664,1.0,1.14
1064,SEAS_1,2187.3472235638937,1.0,1.16
1064,SEAS_1,2289.1188481164613,1.0,1.18
1064,SEAS_1,2395.819268042268,1.0,1.2
1064,SEAS_1,2507.7015294293337,0.9479283346698202,1.22
1064,SEAS_1,2624.9050931531447,0.8984074931123893,1.24
1064,SEAS_1,2747.4334618140224,0.8513925210154992,1.26
1064,SEAS_1,2875.1599372110777,0.8068558724245694,1.28
1064,SEAS_1,3007.861850925252,0.7647664551859248,1.3
1064,SEAS_1,3145.2731031240505,0.7250736180564108,1.32
1064,SEAS_1,3287.1399239989705,0.695154602858334,1.34
1064,SEAS_1,3433.2673114933577,0.6596178003680307,1.36
1064,SEAS_1,3583.5502453525532,0.6329832962973277,1.38
1064,SEAS_1,3737.989797124015,0.6011806064198643,1.4
1064,SEAS_1,3896.6970474260042,0.5774146966966169,1.42
1064,SEAS_1,4059.887289164661,0.5488298176047404,1.44
1064,SEAS_1,4227.864661956806,0.5274722021788734,1.46
1064,SEAS_1,4400.994781745544,0.5070482197003511,1.48
1064,SEAS_1,4579.661964130289,0.48747803257703637,1.5
1064,SEAS_1,4764.210353952301,0.46869842372172155,1.52
1064,SEAS_1,4954.87582417919,0.4506653198364108,1.54
1064,SEAS_1,5151.725666717213,0.428713211641937,1.56
1064,SEAS_1,5354.628885485037,0.416753297157716,1.58
1064,SEAS_1,5563.273620360863,0.4008629530119804,1.6
1064,SEAS_1,5777.230094649206,0.38568158456369966,1.62
1064,SEAS_1,5996.038713143329,0.3712021391642787,1.64
1064,SEAS_1,6219.296243352787,0.35740776939821095,1.66
1064,SEAS_1,6446.720505493224,0.34427121006072364,1.68
1064,SEAS_1,6678.187210667194,0.33532275289891356,1.7
1064,SEAS_1,6913.742213321166,0.32325603668402003,1.72
1064,SEAS_1,7153.595034426436,0.31507175544741695,1.74
1064,SEAS_1,7398.09670689651,0.30391814061112205,1.76
1064,SEAS_1,7647.700169894967,0.2963552858355659,1.78
1064,SEAS_1,7902.898131519387,0.28596027335819335,1.8
1064,SEAS_1,8164.135355592887,0.2788966000390868,1.82
1064,SEAS_1,8431.702929163564,0.2691496745866702,1.84
1064,SEAS_1,8705.639653582892,0.26252224474594693,1.86
1064,SEAS_1,8985.679113028214,0.25607588716608193,1.88
1064,SEAS_1,9271.273875115134,0.24719966301729526,1.9
1064,SEAS_1,9561.696850084403,0.24121523187903407,1.92
1064,SEAS_1,9856.184293916958,0.2354400688909738,1.94
1064,SEAS_1,10154.072180964213,0.22987737964386118,1.96
1064,SEAS_1,10454.8929392024,0.22218038786704786,1.98
1064,SEAS_1,10758.424917928209,0.2170842112508557,2.0
1064,SEAS_1,11064.703728003575,0.2121722267400105,2.02
1064,SEAS_1,11374.007491226152,0.2074276695844275,2.04
1064,SEAS_1,11686.821635919965,0.2028321694542448,2.06
1064,SEAS_1,12003.779634676413,0.19836733250103328,2.08
1064,SEAS_1,12325.569774682657,0.19401647251301493,2.1
1064,SEAS_1,12652.801247937168,0.18976649304141746,2.12
1064,SEAS_1,12985.841891672755,0.18560962794847546,2.14
1064,SEAS_1,13324.67192636692,0.18154439784607265,2.16
1064,SEAS_1,13668.820013407803,0.17942560269409608,2.18
1064,SEAS_1,14017.427828752094,0.17551827394221564,2.2
1064,SEAS_1,14369.426816585965,0.17172468485180742,2.22
1064,SEAS_1,14723.754573078319,0.16805128842227704,2.24
1064,SEAS_1,15079.53496991919,0.16450074578755564,2.26
1064,SEAS_1,15436.186767457988,0.16274196768054985,2.28
1064,SEAS_1,15793.467078008482,0.1593935177074475,2.3
1064,SEAS_1,16151.47269525156,0.15615400064988536,2.32
1064,SEAS_1,16510.616758928027,0.1545957168543455,2.34
1064,SEAS_1,16871.583076553732,0.15150907271337605,2.36
1064,SEAS_1,17235.24507164891,0.14849790728362824,2.38
1064,SEAS_1,17602.52832102243,0.1470540989561433,2.4
1064,SEAS_1,17974.20636277623,0.14413358722091055,2.42
1064,SEAS_1,18350.66016104314,0.14272230668266356,2.44
1064,SEAS_1,18731.690064715796,0.13987832656677188,2.46
1064,SEAS_1,19116.4897803593,0.13709248619683018,2.48
1064,SEAS_1,19503.821632595198,0.13575622172514692,2.5
1064,SEAS_1,19892.31252252976,0.13444964074953167,2.52
1064,SEAS_1,20280.734920305324,0.1318229495415207,2.54
1064,SEAS_1,20668.18712949615,0.13060499093844607,2.56
1064,SEAS_1,21054.169353172416,0.1281084972032371,2.58
1064,SEAS_1,21438.594729546163,0.12697876815826653,2.6
1064,SEAS_1,21821.77170817771,0.12459930213357816,2.62
1064,SEAS_1,22204.37165559824,0.1235389868166999,2.64
1064,SEAS_1,22587.370870578306,0.12249713962577137,2.66
1064,SEAS_1,22971.935584306764,0.12022945119722925,2.68
1064,SEAS_1,23359.212419136955,0.11921391635448064,2.7
1064,SEAS_1,23750.019584075646,0.11819835403487147,2.72
1064,SEAS_1,24144.522788758244,0.11718204057674445,2.74
1064,SEAS_1,24542.07122602382,0.11498419616872392,2.76
1064,SEAS_1,24941.33295351035,0.1139890825379038,2.78
1064,SEAS_1,25340.674209880508,0.11300902981038861,2.8
1064,SEAS_1,25738.567479117788,0.11204964248628572,2.82
1064,SEAS_1,26133.856737761023,0.1099792374550656,2.84
1064,SEAS_1,26525.859590641616,0.10907812329498573,2.86
1064,SEAS_1,26914.374669791174,0.10820096243466973,2.88
1064,SEAS_1,27299.65935232409,0.1073450391482437,2.9
1064,SEAS_1,27682.404914760747,0.10650616395732077,2.92
1064,SEAS_1,28063.70121371175,0.10567896541880593,2.94
1064,SEAS_1,28444.953837606845,0.10485732515742129,2.96
1064,SEAS_1,28827.693008935683,0.10296545059579827,2.98
1064,SEAS_1,29213.222309710633,0.10214536941985201,3.0
1064,SEAS_1,29602.15250469938,0.10131794324473357,3.02
1064,SEAS_1,29994.04641216107,0.1004848691768357,3.04
1064,SEAS_1,30387.46608170551,0.09965099184707091,3.06
1064,SEAS_1,30780.45322751366,0.09882242180626175,3.08
1064,SEAS_1,31171.122740517545,0.0980045214335288,3.1
1064,SEAS_1,31558.04594608853,0.09720078774300552,3.12
1064,SEAS_1,31940.37288535759,0.09641266429552703,3.14
1064,SEAS_1,32317.818011378247,0.09563978412002311,3.16
1064,SEAS_1,32690.62132433032,0.09488025754345839,3.18
1064,SEAS_1,33059.525766208375,0.09413088173564671,3.2
1064,SEAS_1,33425.76249770332,0.09338730629794531,3.22
1064,SEAS_1,33791.00459563674,0.09264427079779483,3.24
1064,SEAS_1,34157.21405920405,0.0928746072068581,3.26
1064,SEAS_1,34526.2799361865,0.09211078327950259,3.28
1064,SEAS_1,34899.415183236764,0.09133380358451434,3.3
1064,SEAS_1,35276.54419203367,0.09054425954412072,3.32
1064,SEAS_1,35656.173570184736,0.08974629055110112,3.34
1064,SEAS_1,36035.974963108434,0.08894579834587539,3.36
1064,SEAS_1,36413.638638156546,0.08814819332157627,3.38
1064,SEAS_1,36787.41349899718,0.08735714137824059,3.4
1064,SEAS_1,37156.23361675494,0.08751702104954093,3.42
1064,SEAS_1,37519.66354318352,0.08673794853898696,3.44
1064,SEAS_1,37877.845914472564,0.0859664425983366,3.46
1064,SEAS_1,38231.49529016763,0.08520014554195383,3.48
1064,SEAS_1,38581.91548252669,0.08443556332478534,3.5
1064,SEAS_1,38930.99774377795,0.0845949424938991,3.52
1064,SEAS_1,39281.12320878916,0.08381512087753912,3.54
1064,SEAS_1,39634.82816950693,0.08302202741027417,3.56
1064,SEAS_1,39994.09063870333,0.08221196574649632,3.58
1064,SEAS_1,40359.39842050362,0.08230025998074487,3.6
1064,SEAS_1,40729.316702106276,0.08145426472999522,3.62
1064,SEAS_1,41101.15833113458,0.08060011549912309,3.64
1064,SEAS_1,41472.2001783311,0.08065161885494146,3.66
1064,SEAS_1,41840.413550431556,0.07979107364455756,3.68
1064,SEAS_1,42204.53773502085,0.07893359701159142,3.7
1064,SEAS_1,42563.94314685861,0.07898156312429254,3.72
1064,SEAS_1,42918.57404954898,0.07812694341053664,3.74
1064,SEAS_1,43268.98594844972,0.07727431985589407,3.76
1064,SEAS_1,43616.41207724736,0.07731700890554653,3.78
1064,SEAS_1,43962.81162163338,0.07645554713168852,3.8
1064,SEAS_1,44310.840841751306,0.07558530418886586,3.82
1064,SEAS_1,44663.592130566285,0.07559156362944457,3.84
1064,SEAS_1,45023.83543949855,0.0746854993638331,3.86
1064,SEAS_1,45392.74054611078,0.07376039054731028,3.88
1064,SEAS_1,45768.988463938804,0.07370277334400935,3.9
1064,SEAS_1,46149.50595505578,0.07274650413791081,3.92
1064,SEAS_1,46531.20798748806,0.07266564338680073,3.94
1064,SEAS_1,46911.945958548946,0.07169743784969398,3.96
1064,SEAS_1,47290.3963325669,0.07160725483807805,3.98
1064,SEAS_1,47665.76036448101,0.07063542663430705,4.0
1064,SEAS_1,48037.72209072726,0.06966472297250545,4.02
1064,SEAS_1,48406.57919768823,0.06956578815457137,4.04
1064,SEAS_1,48773.383460860845,0.06858991078266206,4.06
1064,SEAS_1,49140.034588738075,0.06847916872763211,4.08
1064,SEAS_1,49509.31202900909,0.06748714823419857,4.1
1064,SEAS_1,49884.7154620647,0.06734971468200664,4.12
1064,SEAS_1,50269.7389219563,0.06632466921393326,4.14
1064,SEAS_1,50666.25481034155,0.06614554416257008,4.16
1064,SEAS_1,51072.982822442056,0.06508240588069374,4.18
1064,SEAS_1,51486.25898076853,0.06486954499623526,4.2
1064,SEAS_1,51902.59196162727,0.06378624916807381,4.22
1064,SEAS_1,52319.87881918429,0.06355695619133804,4.24
1064,SEAS_1,52736.88883205592,0.06246520383742382,4.26
1064,SEAS_1,53152.68174780597,0.06222622489327245,4.28
1064,SEAS_1,53566.628389810714,0.06113012551460162,4.3
1064,SEAS_1,53978.71571134767,0.06088361051475147,4.32
1064,SEAS_1,54389.78621239663,0.060632794927748895,4.34
1064,SEAS_1,54801.65084792169,0.059523871459939995,4.36
1064,SEAS_1,55217.14603863775,0.059256021820448423,4.38
1064,SEAS_1,55640.07910184429,0.058126752537509624,4.4
1064,SEAS_1,56074.616325966635,0.05782713083762619,4.42
1064,SEAS_1,56523.373960042954,0.057507899879269596,4.44
1064,SEAS_1,56985.00716862839,0.05632673493196371,4.46
1064,SEAS_1,57454.94104638728,0.05597663140963316,4.48
1064,SEAS_1,57929.188290643004,0.05477889231259825,4.5
1064,SEAS_1,58405.888291830066,0.05441322381844722,4.52
1064,SEAS_1,58884.04092822225,0.05404178083806137,4.54
1064,SEAS_1,59362.49221030993,0.052831382429655946,4.56
1064,SEAS_1,59840.12297644776,0.052451004106343714,4.58
1064,SEAS_1,60316.47912201751,0.05206699510420841,4.6
1064,SEAS_1,60792.157230415265,0.05084919472026663,4.62
1064,SEAS_1,61268.89391307556,0.05045468594533733,4.64
1064,SEAS_1,61749.588537455806,0.05005190057503021,4.66
1064,SEAS_1,62238.3320944162,0.04881289159982963,4.68
1064,SEAS_1,62739.98106305617,0.04838350032138398,4.7
1064,SEAS_1,63258.03749852327,0.04793693170259798,4.72
1064,SEAS_1,63791.05893014689,0.04665606958021972,4.74
1064,SEAS_1,64333.208449573205,0.046183592825914034,4.76
1064,SEAS_1,64879.993360686254,0.04570384043144669,4.78
1064,SEAS_1,65430.142931325725,0.04440589539152304,4.8
355,SEAS_2,822.8541610067317,0.11595062066329313,1.0
355,SEAS_2,854.376263017552,0.10055639530189188,1.02
355,SEAS_2,886.9024810066259,0.08588310684144924,1.04
355,SEAS_2,919.3401647733018,0.07197352886169076,1.06
355,SEAS_2,953.1203474536219,0.060505065299033364,1.08
355,SEAS_2,986.9002111945549,0.04950165582889762,1.1
355,SEAS_2,1021.0684469599926,0.03694633887718778,1.12
355,SEAS_2,1055.8557838286354,0.026592733207658602,1.14
355,SEAS_2,1091.1046612362243,0.016659924414019284,1.16
355,SEAS_2,1127.6651538418005,0.00864680009120545,1.18
355,SEAS_2,1164.6280533529857,0.0,1.2
355,SEAS_2,1201.2573157209574,0.0,1.22
355,SEAS_2,1238.879383487872,0.0,1.24
355,SEAS_2,1277.2376873612416,0.0,1.26
355,SEAS_2,1316.2846758015194,0.0,1.28
355,SEAS_2,1356.9122208600033,0.0,1.3
355,SEAS_2,1396.517242051993,0.0,1.32
355,SEAS_2,1437.955592971472,0.0,1.34
355,SEAS_2,1478.8891786488173,0.0,1.36
355,SEAS_2,1521.3753987725727,0.0,1.38
355,SEAS_2,1564.7110384242596,0.0,1.4
355,SEAS_2,1608.444116014884,0.0,1.42
355,SEAS_2,1651.2828666121177,0.0,1.44
355,SEAS_2,1694.724867849849,0.0,1.46
355,SEAS_2,1740.0177402582462,0.0,1.48
355,SEAS_2,1784.0261286522166,0.0,1.5
355,SEAS_2,1829.1458154722807,0.0,1.52
355,SEAS_2,1873.1477690805436,0.0,1.54
355,SEAS_2,1917.2044411335908,0.0,1.56
355,SEAS_2,1963.4420740555408,0.0,1.58
355,SEAS_2,2008.3232847502757,0.0,1.6
355,SEAS_2,2052.096880346834,0.0,1.62
355,SEAS_2,2098.885902161658,0.0,1.64
355,SEAS_2,2145.174223202812,0.0,1.66
355,SEAS_2,2192.9184396912824,0.0,1.68
355,SEAS_2,2241.557090834594,0.0,1.7
355,SEAS_2,2289.5808615748824,0.0,1.72
355,SEAS_2,2339.6758493190787,0.0,1.74
355,SEAS_2,2389.558324160419,0.0,1.76
355,SEAS_2,2441.1749107385253,0.0,1.78
355,SEAS_2,2495.2813350605893,0.0,1.8
355,SEAS_2,2550.6049613333134,0.0,1.82
355,SEAS_2,2605.708957340601,0.0,1.84
355,SEAS_2,2660.3215817237947,0.0,1.86
355,SEAS_2,2718.704246467692,0.0,1.88
355,SEAS_2,2775.523368276916,0.0,1.9
355,SEAS_2,2832.7851806245567,0.0,1.92
355,SEAS_2,2891.063307050161,0.0,1.94
355,SEAS_2,2949.169444572062,0.0,1.96
355,SEAS_2,3006.900643067869,0.0,1.98
355,SEAS_2,3068.7560691155004,0.0,2.0
355,SEAS_2,3124.9264749145104,0.0,2.02
355,SEAS_2,3184.4899536955863,0.0,2.04
355,SEAS_2,3247.589971642951,0.0,2.06
355,SEAS_2,3309.376096178141,0.0,2.08
355,SEAS_2,3369.6011484650053,0.0,2.1
355,SEAS_2,3434.305390370172,0.0,2.12
355,SEAS_2,3498.6706502732745,0.0,2.14
355,SEAS_2,3566.603918951093,0.0,2.16
355,SEAS_2,3635.2061625310416,0.0,2.18
355,SEAS_2,3704.069199076904,0.0,2.2
355,SEAS_2,3773.766992720002,0.0,2.22
355,SEAS_2,3843.043428033844,0.0,2.24
355,SEAS_2,3914.6670348116822,0.0,2.26
355,SEAS_2,3985.7942229747987,0.0,2.28
355,SEAS_2,4056.9015543840906,0.0,2.3
355,SEAS_2,4128.137958260575,0.0,2.32
355,SEAS_2,4201.774417411525,0.0,2.34
355,SEAS_2,4272.1082025769965,0.0,2.36
355,SEAS_2,4342.021213703843,0.0,2.38
355,SEAS_2,4412.207173010646,0.0,2.4
355,SEAS_2,4484.588873828646,0.0,2.42
355,SEAS_2,4554.7867724200705,0.0,2.44
355,SEAS_2,4626.324903757475,0.0,2.46
355,SEAS_2,4700.079513829855,0.0,2.48
355,SEAS_2,4771.498902510556,0.0,2.5
355,SEAS_2,4846.9756065120155,0.0,2.52
355,SEAS_2,4920.837349260486,0.0,2.54
355,SEAS_2,4999.033264830339,0.0,2.56
355,SEAS_2,5074.439492621603,0.0,2.58
355,SEAS_2,5152.8524585290215,0.0,2.6
355,SEAS_2,5227.712942730616,0.0,2.62
355,SEAS_2,5306.7826591131125,0.0,2.64
355,SEAS_2,5384.011070991715,0.0,2.66
355,SEAS_2,5462.066716833213,0.0,2.68
355,SEAS_2,5538.154030043183,0.0,2.7
355,SEAS_2,5615.374980652199,0.0,2.72
355,SEAS_2,5692.845706018288,0.0,2.74
355,SEAS_2,5770.572768825034,0.0,2.76
355,SEAS_2,5847.284446962036,0.0,2.78
355,SEAS_2,5922.970954648913,0.0,2.8
355,SEAS_2,6000.868519261112,0.0,2.82
355,SEAS_2,6083.077700141093,0.0,2.84
355,SEAS_2,6164.668329169761,0.0,2.86
355,SEAS_2,6243.915071264555,0.0,2.88
355,SEAS_2,6326.979058385168,0.0,2.9
355,SEAS_2,6413.278448473422,0.0,2.92
355,SEAS_2,6501.393430831162,0.0,2.94
355,SEAS_2,6589.026053090343,0.0,2.96
355,SEAS_2,6676.038721075389,0.0,2.98
355,SEAS_2,6765.177262256748,0.0,3.0
355,SEAS_2,6855.417992433761,0.0,3.02
355,SEAS_2,6945.231773097397,0.0,3.04
355,SEAS_2,7033.97110583015,0.0,3.06
355,SEAS_2,7122.343097038128,0.0,3.08
355,SEAS_2,7211.634760016083,0.0,3.1
355,SEAS_2,7303.060784748409,0.0,3.12
355,SEAS_2,7396.56318638735,0.0,3.14
355,SEAS_2,7487.969091904583,0.0,3.16
355,SEAS_2,7577.289998736068,0.0,3.18
355,SEAS_2,7672.42399968863,0.0,3.2
355,SEAS_2,7770.392737990124,0.0,3.22
355,SEAS_2,7865.918542301252,0.0,3.24
355,SEAS_2,7966.417224220319,0.0,3.26
355,SEAS_2,8061.3440323102095,0.0,3.28
355,SEAS_2,8167.978923042269,0.0,3.3
355,SEAS_2,8268.638788798853,0.0,3.32
355,SEAS_2,8369.302516124946,0.0,3.34
355,SEAS_2,8472.5297071866,0.0,3.36
355,SEAS_2,8575.233356779056,0.0,3.38
355,SEAS_2,8680.781381858797,0.0,3.4
355,SEAS_2,8781.991178108403,0.0,3.42
355,SEAS_2,8881.246503913122,0.0,3.44
355,SEAS_2,8982.026591456743,0.0,3.46
355,SEAS_2,9085.709160114086,0.0,3.48
355,SEAS_2,9187.74881897854,0.0,3.5
355,SEAS_2,9288.382624924001,0.0,3.52
355,SEAS_2,9393.600069466313,0.0,3.54
355,SEAS_2,9491.560264920789,0.0,3.56
355,SEAS_2,9597.232574091488,0.0,3.58
355,SEAS_2,9701.19016141702,0.0,3.6
355,SEAS_2,9807.972200794782,0.0,3.62
355,SEAS_2,9912.474794772454,0.0,3.64
355,SEAS_2,10022.538829547619,0.0,3.66
355,SEAS_2,10130.177937787204,0.0,3.68
355,SEAS_2,10244.024312287509,0.0,3.7
355,SEAS_2,10349.051107815521,0.0,3.72
355,SEAS_2,10456.901471096033,0.0,3.74
355,SEAS_2,10563.579080695086,0.0,3.76
355,SEAS_2,10668.941079162916,0.0,3.78
355,SEAS_2,10777.525990354705,0.0,3.8
355,SEAS_2,10884.804066815372,0.0,3.82
355,SEAS_2,10990.990790903734,0.0,3.84
355,SEAS_2,11097.515471255818,0.0,3.86
355,SEAS_2,11204.735292875395,0.0,3.88
355,SEAS_2,11317.25236565941,0.0,3.9
355,SEAS_2,11426.049884267264,0.0,3.92
355,SEAS_2,11539.217411807713,0.0,3.94
355,SEAS_2,11651.362756580154,0.0,3.96
355,SEAS_2,11771.888159595099,0.0,3.98
355,SEAS_2,11884.530531495817,0.0,4.0
355,SEAS_2,11996.59520993872,0.0,4.02
355,SEAS_2,12118.795265648318,0.0,4.04
355,SEAS_2,12242.825180671258,0.0,4.06
355,SEAS_2,12357.08345864969,0.0,4.08
355,SEAS_2,12476.764043213403,0.0,4.1
355,SEAS_2,12595.500923868443,0.0,4.12
355,SEAS_2,12721.437303623043,0.0,4.14
355,SEAS_2,12842.23782053026,0.0,4.16
355,SEAS_2,12957.49681187081,0.0,4.18
355,SEAS_2,13079.091565319986,0.0,4.2
355,SEAS_2,13198.083003349217,0.0,4.22
355,SEAS_2,13324.711231814472,0.0,4.24
355,SEAS_2,13450.397837527038,0.0,4.26
355,SEAS_2,13576.606488568123,0.0,4.28
355,SEAS_2,13706.67090639667,0.0,4.3
355,SEAS_2,13833.098734137886,0.0,4.32
355,SEAS_2,13961.90652532191,0.0,4.34
355,SEAS_2,14093.274847307404,0.0,4.36
355,SEAS_2,14224.519997823192,0.0,4.38
355,SEAS_2,14357.446521259533,0.0,4.4
355,SEAS_2,14488.947329795039,0.0,4.42
355,SEAS_2,14622.826992775448,0.0,4.44
355,SEAS_2,14753.332110371783,0.0,4.46
355,SEAS_2,14884.086248048345,0.0,4.48
355,SEAS_2,15016.958847041811,0.0,4.5
355,SEAS_2,15149.78024327561,0.0,4.52
355,SEAS_2,15280.798512142273,0.0,4.54
355,SEAS_2,15411.684727517357,0.0,4.56
355,SEAS_2,15542.538699228917,0.0,4.58
355,SEAS_2,15676.67848069747,0.0,4.6
355,SEAS_2,15808.787183664308,0.0,4.62
355,SEAS_2,15944.25650297418,0.0,4.64
355,SEAS_2,16079.068299539838,0.0,4.66
355,SEAS_2,16216.386792163517,0.0,4.68
355,SEAS_2,16353.123110086124,0.0,4.7
355,SEAS_2,16491.59570429743,0.0,4.72
355,SEAS_2,16627.202290638226,0.0,4.74
355,SEAS_2,16764.985843272305,0.0,4.76
355,SEAS_2,16908.788370932292,0.0,4.78
355,SEAS_2,17045.212654601142,0.0,4.8
500,SEAS_2,824.5734070793674,0.08864704622339037,1.0
500,SEAS_2,857.0594139177468,0.07945191427340594,1.02
500,SEAS_2,889.7571555774407,0.07001769089199515,1.04
500,SEAS_2,922.2920837561604,0.06005217636707553,1.06
500,SEAS_2,955.463274893448,0.05081943747944651,1.08
500,SEAS_2,989.1953350415397,0.04167728354750434,1.1
500,SEAS_2,1023.4021762675483,0.03172517754580879,1.12
500,SEAS_2,1059.2804234963637,0.023221107099773614,1.14
500,SEAS_2,1094.9735583739807,0.015059616111127336,1.16
500,SEAS_2,1132.1538425067733,0.008110645385791867,1.18
500,SEAS_2,1169.921688648384,0.0,1.2
500,SEAS_2,1206.4214859616748,0.0,1.22
500,SEAS_2,1243.6395483482102,0.0,1.24
500,SEAS_2,1281.855274857435,0.0,1.26
500,SEAS_2,1320.5892467767287,0.0,1.28
500,SEAS_2,1361.0804557639776,0.0,1.3
500,SEAS_2,1401.2541661145415,0.0,1.32
500,SEAS_2,1442.4619501190516,0.0,1.34
500,SEAS_2,1484.2328047870399,0.0,1.36
500,SEAS_2,1525.373321384221,0.0,1.38
500,SEAS_2,1568.3423236028932,0.0,1.4
500,SEAS_2,1610.5309624868785,0.0,1.42
500,SEAS_2,1655.340877127731,0.0,1.44
500,SEAS_2,1701.526344395022,0.0,1.46
500,SEAS_2,1746.7629070233388,0.0,1.48
500,SEAS_2,1795.079209958406,0.0,1.5
500,SEAS_2,1840.9750714189952,0.0,1.52
500,SEAS_2,1891.6298138731509,0.0,1.54
500,SEAS_2,1939.6382302774718,0.0,1.56
500,SEAS_2,1991.4719272225852,0.0,1.58
500,SEAS_2,2045.208441342123,0.0,1.6
500,SEAS_2,2098.3665807612915,0.0,1.62
500,SEAS_2,2152.0449421015583,0.0,1.64
500,SEAS_2,2205.8300290302063,0.0,1.66
500,SEAS_2,2262.2736503029564,0.0,1.68
500,SEAS_2,2318.2775222259493,0.0,1.7
500,SEAS_2,2376.037823193797,0.0,1.72
500,SEAS_2,2434.18302307083,0.0,1.74
500,SEAS_2,2493.9459298307793,0.0,1.76
500,SEAS_2,2554.11160091265,0.0,1.78
500,SEAS_2,2612.0596818668396,0.0,1.8
500,SEAS_2,2670.4591364785892,0.0,1.82
500,SEAS_2,2727.7815068485024,0.0,1.84
500,SEAS_2,2789.878605115192,0.0,1.86
500,SEAS_2,2848.2178582826173,0.0,1.88
500,SEAS_2,2907.420447169564,0.0,1.9
500,SEAS_2,2967.8502943119665,0.0,1.92
500,SEAS_2,3024.730905544087,0.0,1.94
500,SEAS_2,3085.3459732533356,0.0,1.96
500,SEAS_2,3143.980340031413,0.0,1.98
500,SEAS_2,3202.8868070449594,0.0,2.0
500,SEAS_2,3264.1223759637055,0.0,2.02
500,SEAS_2,3324.8699477856017,0.0,2.04
500,SEAS_2,3384.424399065608,0.0,2.06
500,SEAS_2,3447.361094418363,0.0,2.08
500,SEAS_2,3508.672538142383,0.0,2.1
500,SEAS_2,3572.557014559111,0.0,2.12
500,SEAS_2,3636.6653605395213,0.0,2.14
500,SEAS_2,3701.469010807431,0.0,2.16
500,SEAS_2,3767.3052565596063,0.0,2.18
500,SEAS_2,3833.702683446856,0.0,2.2
500,SEAS_2,3900.499490705177,0.0,2.22
500,SEAS_2,3968.0606389104237,0.0,2.24
500,SEAS_2,4037.3196076334043,0.0,2.26
500,SEAS_2,4109.839538688686,0.0,2.28
500,SEAS_2,4178.653719283015,0.0,2.3
500,SEAS_2,4248.631957302097,0.0,2.32
500,SEAS_2,4317.35873042787,0.0,2.34
500,SEAS_2,4386.289311430105,0.0,2.36
500,SEAS_2,4457.492211743777,0.0,2.38
500,SEAS_2,4525.621328012163,0.0,2.4
500,SEAS_2,4594.6921644100985,0.0,2.42
500,SEAS_2,4665.983662234348,0.0,2.44
500,SEAS_2,4733.324180493806,0.0,2.46
500,SEAS_2,4801.483988393544,0.0,2.48
500,SEAS_2,4871.460610179793,0.0,2.5
500,SEAS_2,4937.761175699754,0.0,2.52
500,SEAS_2,5010.386230768439,0.0,2.54
500,SEAS_2,5078.468293193071,0.0,2.56
500,SEAS_2,5152.1464049641,0.0,2.58
500,SEAS_2,5220.666336330356,0.0,2.6
500,SEAS_2,5292.406764957968,0.0,2.62
500,SEAS_2,5365.583586593702,0.0,2.64
500,SEAS_2,5442.419310238002,0.0,2.66
500,SEAS_2,5520.3448167401275,0.0,2.68
500,SEAS_2,5595.981895715782,0.0,2.7
500,SEAS_2,5677.413453551243,0.0,2.72
500,SEAS_2,5756.067324190312,0.0,2.74
500,SEAS_2,5839.687857198881,0.0,2.76
500,SEAS_2,5919.994482633277,0.0,2.78
500,SEAS_2,6005.886041238592,0.0,2.8
500,SEAS_2,6090.209856972306,0.0,2.82
500,SEAS_2,6181.242486356417,0.0,2.84
500,SEAS_2,6267.6779914591425,0.0,2.86
500,SEAS_2,6349.014704937348,0.0,2.88
500,SEAS_2,6435.506834249537,0.0,2.9
500,SEAS_2,6522.126017321631,0.0,2.92
500,SEAS_2,6611.626564267608,0.0,2.94
500,SEAS_2,6699.632901995188,0.0,2.96
500,SEAS_2,6788.473006543694,0.0,2.98
500,SEAS_2,6875.666441113373,0.0,3.0
500,SEAS_2,6965.015777437373,0.0,3.02
500,SEAS_2,7052.122235312569,0.0,3.04
500,SEAS_2,7141.85047366533,0.0,3.06
500,SEAS_2,7232.11843969632,0.0,3.08
500,SEAS_2,7323.25307707252,0.0,3.1
500,SEAS_2,7418.27638907328,0.0,3.12
500,SEAS_2,7517.48768043273,0.0,3.14
500,SEAS_2,7609.405031499407,0.0,3.16
500,SEAS_2,7701.579369947738,0.0,3.18
500,SEAS_2,7802.433665033639,0.0,3.2
500,SEAS_2,7899.248811652183,0.0,3.22
500,SEAS_2,8002.813724980484,0.0,3.24
500,SEAS_2,8109.378634596072,0.0,3.26
500,SEAS_2,8208.922070022407,0.0,3.28
500,SEAS_2,8310.981273360492,0.0,3.3
500,SEAS_2,8415.620784638946,0.0,3.32
500,SEAS_2,8523.615843146335,0.0,3.34
500,SEAS_2,8631.871998691971,0.0,3.36
500,SEAS_2,8733.218734626487,0.0,3.38
500,SEAS_2,8844.69133267883,0.0,3.4
500,SEAS_2,8950.45780503344,0.0,3.42
500,SEAS_2,9052.17710390328,0.0,3.44
500,SEAS_2,9158.166712891718,0.0,3.46
500,SEAS_2,9263.262867741474,0.0,3.48
500,SEAS_2,9374.838770354178,0.0,3.5
500,SEAS_2,9476.049771176587,0.0,3.52
500,SEAS_2,9579.813449976456,0.0,3.54
500,SEAS_2,9680.804160524494,0.0,3.56
500,SEAS_2,9783.990211728065,0.0,3.58
500,SEAS_2,9892.362223019201,0.0,3.6
500,SEAS_2,9994.232379420835,0.0,3.62
500,SEAS_2,10102.955422913103,0.0,3.64
500,SEAS_2,10208.333479194696,0.0,3.66
500,SEAS_2,10316.775480517332,0.0,3.68
500,SEAS_2,10429.131736130314,0.0,3.7
500,SEAS_2,10535.90507257998,0.0,3.72
500,SEAS_2,10650.988594644676,0.0,3.74
500,SEAS_2,10755.121525315826,0.0,3.76
500,SEAS_2,10869.451204855284,0.0,3.78
500,SEAS_2,10983.24993169425,0.0,3.8
500,SEAS_2,11097.9971015618,0.0,3.82
500,SEAS_2,11210.610868758611,0.0,3.84
500,SEAS_2,11320.373992636734,0.0,3.86
500,SEAS_2,11442.957078028427,0.0,3.88
500,SEAS_2,11556.190351220575,0.0,3.9
500,SEAS_2,11662.945864384837,0.0,3.92
500,SEAS_2,11781.525614128148,0.0,3.94
500,SEAS_2,11893.37759951324,0.0,3.96
500,SEAS_2,12008.196432237812,0.0,3.98
500,SEAS_2,12115.084856380498,0.0,4.0
500,SEAS_2,12233.316681439417,0.0,4.02
500,SEAS_2,12343.251367111758,0.0,4.04
500,SEAS_2,12457.578041621644,0.0,4.06
500,SEAS_2,12561.606380646572,0.0,4.08
500,SEAS_2,12684.380461722361,0.0,4.1
500,SEAS_2,12796.975173841278,0.0,4.12
500,SEAS_2,12914.857811726419,0.0,4.14
500,SEAS_2,13025.542854781115,0.0,4.16
500,SEAS_2,13137.981346125754,0.0,4.18
500,SEAS_2,13263.344376208797,0.0,4.2
500,SEAS_2,13386.65679797107,0.0,4.22
500,SEAS_2,13505.787592031978,0.0,4.24
500,SEAS_2,13629.623251057397,0.0,4.26
500,SEAS_2,13758.577290264453,0.0,4.28
500,SEAS_2,13879.879927933513,0.0,4.3
500,SEAS_2,14003.037997884105,0.0,4.32
500,SEAS_2,14127.219369024431,0.0,4.34
500,SEAS_2,14261.110680396536,0.0,4.36
500,SEAS_2,14394.18841689918,0.0,4.38
500,SEAS_2,14529.148422301529,0.0,4.4
500,SEAS_2,14661.13733281119,0.0,4.42
500,SEAS_2,14792.648315210841,0.0,4.44
500,SEAS_2,14917.691481895035,0.0,4.46
500,SEAS_2,15049.66081884177,0.0,4.48
500,SEAS_2,15183.440078141737,0.0,4.5
500,SEAS_2,15315.755456513827,0.0,4.52
500,SEAS_2,15447.483944853127,0.0,4.54
500,SEAS_2,15580.770892146964,0.0,4.56
500,SEAS_2,15713.256089842376,0.0,4.58
500,SEAS_2,15841.763542370634,0.0,4.6
500,SEAS_2,15979.51746611293,0.0,4.62
500,SEAS_2,16117.621762478338,0.0,4.64
500,SEAS_2,16254.366502176965,0.0,4.66
500,SEAS_2,16389.271153809845,0.0,4.68
500,SEAS_2,16527.783547684656,0.0,4.7
500,SEAS_2,16665.84678629638,0.0,4.72
500,SEAS_2,16805.891472860032,0.0,4.74
500,SEAS_2,16953.56437882485,0.0,4.76
500,SEAS_2,17102.754342370754,0.0,4.78
500,SEAS_2,17253.348702346106,0.0,4.8
532,SEAS_2,825.726825962261,0.10016700171458272,1.0
532,SEAS_2,856.877024614199,0.08963225896866087,1.02
532,SEAS_2,889.416688488509,0.07906143218213475,1.04
532,SEAS_2,922.4687294547803,0.0685760122464355,1.06
532,SEAS_2,956.4661240246652,0.059243810369360925,1.08
532,SEAS_2,991.425006654559,0.04989841298073132,1.1
532,SEAS_2,1026.5682385060918,0.039224819852452616,1.12
532,SEAS_2,1062.4815789193624,0.02930105717031936,1.14
532,SEAS_2,1098.1100812268523,0.019040733308014625,1.16
532,SEAS_2,1134.5528238953823,0.009979928936861535,1.18
532,SEAS_2,1171.7352109733506,0.0,1.2
532,SEAS_2,1209.9160845520332,0.0,1.22
532,SEAS_2,1249.375962803489,0.0,1.24
532,SEAS_2,1288.74794748089,0.0,1.26
532,SEAS_2,1329.016039773473,0.0,1.28
532,SEAS_2,1369.9043875224734,0.0,1.3
532,SEAS_2,1409.8654674137538,0.0,1.32
532,SEAS_2,1451.2497652738766,0.0,1.34
532,SEAS_2,1492.8200327153886,0.0,1.36
532,SEAS_2,1534.3354637220048,0.0,1.38
532,SEAS_2,1577.724564796382,0.0,1.4
532,SEAS_2,1621.4420695969322,0.0,1.42
532,SEAS_2,1666.1414323279178,0.0,1.44
532,SEAS_2,1709.5646489982132,0.0,1.46
532,SEAS_2,1754.253258279317,0.0,1.48
532,SEAS_2,1799.2576187240795,0.0,1.5
532,SEAS_2,1845.1195714597732,0.0,1.52
532,SEAS_2,1891.1847774737507,0.0,1.54
532,SEAS_2,1940.585404246906,0.0,1.56
532,SEAS_2,1988.4813613082283,0.0,1.58
532,SEAS_2,2037.6668823352413,0.0,1.6
532,SEAS_2,2087.690451098491,0.0,1.62
532,SEAS_2,2138.962053504301,0.0,1.64
532,SEAS_2,2191.4843722264022,0.0,1.66
532,SEAS_2,2244.3596918307035,0.0,1.68
532,SEAS_2,2300.1748603296937,0.0,1.7
532,SEAS_2,2355.822440114249,0.0,1.72
532,SEAS_2,2413.091014326939,0.0,1.74
532,SEAS_2,2470.6224537300213,0.0,1.76
532,SEAS_2,2527.816906547885,0.0,1.78
532,SEAS_2,2586.92302658074,0.0,1.8
532,SEAS_2,2647.9466657990088,0.0,1.82
532,SEAS_2,2710.931397319712,0.0,1.84
532,SEAS_2,2773.203385446993,0.0,1.86
532,SEAS_2,2837.5512778108073,0.0,1.88
532,SEAS_2,2901.635106350331,0.0,1.9
532,SEAS_2,2963.0511201782883,0.0,1.92
532,SEAS_2,3028.390550960541,0.0,1.94
532,SEAS_2,3090.634199048425,0.0,1.96
532,SEAS_2,3155.732054604804,0.0,1.98
532,SEAS_2,3222.026267812179,0.0,2.0
532,SEAS_2,3284.7012829395712,0.0,2.02
532,SEAS_2,3351.1962294058026,0.0,2.04
532,SEAS_2,3413.6328641186706,0.0,2.06
532,SEAS_2,3477.1207347651502,0.0,2.08
532,SEAS_2,3539.3101881762077,0.0,2.1
532,SEAS_2,3603.0557799292847,0.0,2.12
532,SEAS_2,3669.2697543773247,0.0,2.14
532,SEAS_2,3733.752448819109,0.0,2.16
532,SEAS_2,3798.819948456517,0.0,2.18
532,SEAS_2,3862.846420573728,0.0,2.2
532,SEAS_2,3927.7084557811304,0.0,2.22
532,SEAS_2,3994.0794179222503,0.0,2.24
532,SEAS_2,4061.724936285701,0.0,2.26
532,SEAS_2,4128.708016893987,0.0,2.28
532,SEAS_2,4197.487224628458,0.0,2.3
532,SEAS_2,4267.926895588662,0.0,2.32
532,SEAS_2,4340.225238554418,0.0,2.34
532,SEAS_2,4409.167005102121,0.0,2.36
532,SEAS_2,4481.645197654154,0.0,2.38
532,SEAS_2,4553.026399095432,0.0,2.4
532,SEAS_2,4629.882226460227,0.0,2.42
532,SEAS_2,4704.16958387706,0.0,2.44
532,SEAS_2,4777.959079395029,0.0,2.46
532,SEAS_2,4853.107880687439,0.0,2.48
532,SEAS_2,4927.792714169085,0.0,2.5
532,SEAS_2,5004.309217981907,0.0,2.52
532,SEAS_2,5075.866181048974,0.0,2.54
532,SEAS_2,5153.949370992869,0.0,2.56
532,SEAS_2,5226.416761718614,0.0,2.58
532,SEAS_2,5301.580642023265,0.0,2.6
532,SEAS_2,5374.859846525739,0.0,2.62
532,SEAS_2,5448.800352240987,0.0,2.64
532,SEAS_2,5524.155971198024,0.0,2.66
532,SEAS_2,5595.178502816419,0.0,2.68
532,SEAS_2,5668.65489569075,0.0,2.7
532,SEAS_2,5746.467593102285,0.0,2.72
532,SEAS_2,5817.981676549908,0.0,2.74
532,SEAS_2,5895.241377814149,0.0,2.76
532,SEAS_2,5968.858922274864,0.0,2.78
532,SEAS_2,6049.031752997164,0.0,2.8
532,SEAS_2,6123.381304363458,0.0,2.82
532,SEAS_2,6204.833453833569,0.0,2.84
532,SEAS_2,6286.252416822705,0.0,2.86
532,SEAS_2,6369.855955933457,0.0,2.88
532,SEAS_2,6453.188681111867,0.0,2.9
532,SEAS_2,6536.881027301909,0.0,2.92
532,SEAS_2,6626.154849616364,0.0,2.94
532,SEAS_2,6714.579324042683,0.0,2.96
532,SEAS_2,6804.704217422161,0.0,2.98
532,SEAS_2,6896.768817013748,0.0,3.0
532,SEAS_2,6988.6878201526915,0.0,3.02
532,SEAS_2,7080.105555583294,0.0,3.04
532,SEAS_2,7168.463374284211,0.0,3.06
532,SEAS_2,7261.31082891387,0.0,3.08
532,SEAS_2,7352.8362514732025,0.0,3.1
532,SEAS_2,7445.824154526241,0.0,3.12
532,SEAS_2,7540.2749035220695,0.0,3.14
532,SEAS_2,7633.628300031236,0.0,3.16
532,SEAS_2,7727.970698360575,0.0,3.18
532,SEAS_2,7828.1807616271835,0.0,3.2
532,SEAS_2,7917.814360802661,0.0,3.22
532,SEAS_2,8012.203419888093,0.0,3.24
532,SEAS_2,8104.4034636312645,0.0,3.26
532,SEAS_2,8204.375701414217,0.0,3.28
532,SEAS_2,8303.293771449087,0.0,3.3
532,SEAS_2,8400.246549051833,0.0,3.32
532,SEAS_2,8495.745955605244,0.0,3.34
532,SEAS_2,8604.719510869787,0.0,3.36
532,SEAS_2,8698.845370688177,0.0,3.38
532,SEAS_2,8800.464405454168,0.0,3.4
532,SEAS_2,8914.942074855995,0.0,3.42
532,SEAS_2,9015.759256329517,0.0,3.44
532,SEAS_2,9119.764310727915,0.0,3.46
532,SEAS_2,9231.033039634649,0.0,3.48
532,SEAS_2,9340.512357745678,0.0,3.5
532,SEAS_2,9457.773447580834,0.0,3.52
532,SEAS_2,9565.657644865183,0.0,3.54
532,SEAS_2,9680.004773830537,0.0,3.56
532,SEAS_2,9791.173500551664,0.0,3.58
532,SEAS_2,9904.799244940115,0.0,3.6
532,SEAS_2,10017.176811062993,0.0,3.62
532,SEAS_2,10132.535212622943,0.0,3.64
532,SEAS_2,10245.251853441745,0.0,3.66
532,SEAS_2,10361.315751053673,0.0,3.68
532,SEAS_2,10474.184699858832,0.0,3.7
532,SEAS_2,10589.045728278434,0.0,3.72
532,SEAS_2,10694.506013708884,0.0,3.74
532,SEAS_2,10808.058766519585,0.0,3.76
532,SEAS_2,10916.635564132906,0.0,3.78
532,SEAS_2,11032.459064969753,0.0,3.8
532,SEAS_2,11145.490998273071,0.0,3.82
532,SEAS_2,11250.092153606009,0.0,3.84
532,SEAS_2,11364.899433600905,0.0,3.86
532,SEAS_2,11486.520194818084,0.0,3.88
532,SEAS_2,11590.303390677696,0.0,3.9
532,SEAS_2,11706.774502464823,0.0,3.92
532,SEAS_2,11826.178236056983,0.0,3.94
532,SEAS_2,11931.749406374409,0.0,3.96
532,SEAS_2,12058.681085605735,0.0,3.98
532,SEAS_2,12175.008875640215,0.0,4.0
532,SEAS_2,12299.580806480866,0.0,4.02
532,SEAS_2,12408.880856227775,0.0,4.04
532,SEAS_2,12538.550896535213,0.0,4.06
532,SEAS_2,12654.023026753675,0.0,4.08
532,SEAS_2,12780.539939043887,0.0,4.1
532,SEAS_2,12896.896690344967,0.0,4.12
532,SEAS_2,13018.575033762458,0.0,4.14
532,SEAS_2,13147.47124840812,0.0,4.16
532,SEAS_2,13269.031033421565,0.0,4.18
532,SEAS_2,13390.835381706947,0.0,4.2
532,SEAS_2,13512.897156172123,0.0,4.22
532,SEAS_2,13623.144433250678,0.0,4.24
532,SEAS_2,13741.840940778628,0.0,4.26
532,SEAS_2,13867.675364190505,0.0,4.28
532,SEAS_2,13995.283274265052,0.0,4.3
532,SEAS_2,14112.334695118247,0.0,4.32
532,SEAS_2,14231.728028878111,0.0,4.34
532,SEAS_2,14349.298773587601,0.0,4.36
532,SEAS_2,14473.461175950299,0.0,4.38
532,SEAS_2,14594.55172927659,0.0,4.4
532,SEAS_2,14720.461028293224,0.0,4.42
532,SEAS_2,14840.49838920666,0.0,4.44
532,SEAS_2,14964.33899760418,0.0,4.46
532,SEAS_2,15085.935808753833,0.0,4.48
532,SEAS_2,15213.656969027475,0.0,4.5
532,SEAS_2,15343.062941151526,0.0,4.52
532,SEAS_2,15475.070475334061,0.0,4.54
532,SEAS_2,15607.415904097743,0.0,4.56
532,SEAS_2,15742.82500749951,0.0,4.58
532,SEAS_2,15879.245654487513,0.0,4.6
532,SEAS_2,16016.650807752278,0.0,4.62
532,SEAS_2,16157.498063880521,0.0,4.64
532,SEAS_2,16296.249588228131,0.0,4.66
532,SEAS_2,16433.23775807985,0.0,4.68
532,SEAS_2,16571.654069383087,0.0,4.7
532,SEAS_2,16713.402571313927,0.0,4.72
532,SEAS_2,16855.139835308924,0.0,4.74
532,SEAS_2,16991.682567957978,0.0,4.76
532,SEAS_2,17135.766807462765,0.0,4.78
532,SEAS_2,17267.9613308884,0.0,4.8
550,SEAS_2,826.849873817235,0.10980698479257797,1.0
550,SEAS_2,857.7560703771062,0.09848362318494422,1.02
550,SEAS_2,889.880226335179,0.08645358944836626,1.04
550,SEAS_2,922.6654581454302,0.07419396287187875,1.06
550,SEAS_2,955.6605482014774,0.06334154408395037,1.08
550,SEAS_2,990.1404448033031,0.052614393720598986,1.1
550,SEAS_2,1025.7439753877163,0.040692444535393835,1.12
550,SEAS_2,1061.2228871287484,0.030320616786207996,1.14
550,SEAS_2,1098.3197422165886,0.019939618246585827,1.16
550,SEAS_2,1135.4880237762477,0.010776675699133669,1.18
550,SEAS_2,1172.3693223283772,0.0,1.2
550,SEAS_2,1210.080441678386,0.0,1.22
550,SEAS_2,1248.9218968973191,0.0,1.24
550,SEAS_2,1288.0736456301315,0.0,1.26
550,SEAS_2,1328.6788242363878,0.0,1.28
550,SEAS_2,1370.0561060006457,0.0,1.3
550,SEAS_2,1411.530432965785,0.0,1.32
550,SEAS_2,1454.011665767012,0.0,1.34
550,SEAS_2,1496.0082275344957,0.0,1.36
550,SEAS_2,1538.0105089545236,0.0,1.38
550,SEAS_2,1581.872769377618,0.0,1.4
550,SEAS_2,1625.4008184678223,0.0,1.42
550,SEAS_2,1669.4683998937112,0.0,1.44
550,SEAS_2,1715.2650254346686,0.0,1.46
550,SEAS_2,1760.6627310130834,0.0,1.48
550,SEAS_2,1806.802019369446,0.0,1.5
550,SEAS_2,1852.6947730295035,0.0,1.52
550,SEAS_2,1898.6104690087584,0.0,1.54
550,SEAS_2,1945.3966702378855,0.0,1.56
550,SEAS_2,1993.1490419508282,0.0,1.58
550,SEAS_2,2041.9398224094566,0.0,1.6
550,SEAS_2,2090.7139308607716,0.0,1.62
550,SEAS_2,2140.570911095252,0.0,1.64
550,SEAS_2,2192.934433097754,0.0,1.66
550,SEAS_2,2243.8246332352205,0.0,1.68
550,SEAS_2,2296.061266014552,0.0,1.7
550,SEAS_2,2349.6287385728924,0.0,1.72
550,SEAS_2,2403.50461880471,0.0,1.74
550,SEAS_2,2460.1200439472163,0.0,1.76
550,SEAS_2,2516.8209560006426,0.0,1.78
550,SEAS_2,2576.7396393851327,0.0,1.8
550,SEAS_2,2637.447400041891,0.0,1.82
550,SEAS_2,2695.919471697284,0.0,1.84
550,SEAS_2,2756.768404200516,0.0,1.86
550,SEAS_2,2820.3736118749075,0.0,1.88
550,SEAS_2,2882.7795538901546,0.0,1.9
550,SEAS_2,2950.0547635170424,0.0,1.92
550,SEAS_2,3013.828378605522,0.0,1.94
550,SEAS_2,3082.281696823476,0.0,1.96
550,SEAS_2,3146.534645320977,0.0,1.98
550,SEAS_2,3213.920211712436,0.0,2.0
550,SEAS_2,3280.6049579661612,0.0,2.02
550,SEAS_2,3345.462931754437,0.0,2.04
550,SEAS_2,3414.652860701015,0.0,2.06
550,SEAS_2,3481.9317572115096,0.0,2.08
550,SEAS_2,3550.5412610655176,0.0,2.1
550,SEAS_2,3615.73522099077,0.0,2.12
550,SEAS_2,3680.945289702425,0.0,2.14
550,SEAS_2,3747.369213768029,0.0,2.16
550,SEAS_2,3813.3030931281887,0.0,2.18
550,SEAS_2,3880.1461721795995,0.0,2.2
550,SEAS_2,3947.4886604781423,0.0,2.22
550,SEAS_2,4013.996426348445,0.0,2.24
550,SEAS_2,4082.1048614813308,0.0,2.26
550,SEAS_2,4148.041238036563,0.0,2.28
550,SEAS_2,4216.834035457763,0.0,2.3
550,SEAS_2,4285.1990238125445,0.0,2.32
550,SEAS_2,4353.506332423411,0.0,2.34
550,SEAS_2,4424.27451702215,0.0,2.36
550,SEAS_2,4494.260836545728,0.0,2.38
550,SEAS_2,4569.876675054186,0.0,2.4
550,SEAS_2,4642.341181272044,0.0,2.42
550,SEAS_2,4712.785078019633,0.0,2.44
550,SEAS_2,4789.593320550265,0.0,2.46
550,SEAS_2,4863.041387162924,0.0,2.48
550,SEAS_2,4940.0879789101655,0.0,2.5
550,SEAS_2,5018.105191499954,0.0,2.52
550,SEAS_2,5093.868061334455,0.0,2.54
550,SEAS_2,5174.423357789192,0.0,2.56
550,SEAS_2,5249.4497657186785,0.0,2.58
550,SEAS_2,5328.616393994837,0.0,2.6
550,SEAS_2,5406.192958207404,0.0,2.62
550,SEAS_2,5481.417368459781,0.0,2.64
550,SEAS_2,5559.856688188019,0.0,2.66
550,SEAS_2,5638.511966276741,0.0,2.68
550,SEAS_2,5716.6566898489,0.0,2.7
550,SEAS_2,5791.92646314964,0.0,2.72
550,SEAS_2,5869.838145005889,0.0,2.74
550,SEAS_2,5942.919240434443,0.0,2.76
550,SEAS_2,6019.295490054793,0.0,2.78
550,SEAS_2,6096.494763743665,0.0,2.8
550,SEAS_2,6176.087459683624,0.0,2.82
550,SEAS_2,6254.360308406556,0.0,2.84
550,SEAS_2,6328.652591242837,0.0,2.86
550,SEAS_2,6407.3703078911185,0.0,2.88
550,SEAS_2,6487.091922925734,0.0,2.9
550,SEAS_2,6567.744982744967,0.0,2.92
550,SEAS_2,6651.057712703205,0.0,2.94
550,SEAS_2,6734.419461805124,0.0,2.96
550,SEAS_2,6820.5155933865435,0.0,2.98
550,SEAS_2,6907.058578387825,0.0,3.0
550,SEAS_2,6993.646135743131,0.0,3.02
550,SEAS_2,7082.659374360712,0.0,3.04
550,SEAS_2,7173.4121837613175,0.0,3.06
550,SEAS_2,7263.775539934778,0.0,3.08
550,SEAS_2,7356.850947206458,0.0,3.1
550,SEAS_2,7450.9356063765135,0.0,3.12
550,SEAS_2,7547.006911724745,0.0,3.14
550,SEAS_2,7647.641766923734,0.0,3.16
550,SEAS_2,7741.509453251129,0.0,3.18
550,SEAS_2,7835.263270032783,0.0,3.2
550,SEAS_2,7930.8320716532435,0.0,3.22
550,SEAS_2,8026.533922931051,0.0,3.24
550,SEAS_2,8130.432462421598,0.0,3.26
550,SEAS_2,8225.238350355216,0.0,3.28
550,SEAS_2,8322.181381489332,0.0,3.3
550,SEAS_2,8416.66476439535,0.0,3.32
550,SEAS_2,8523.095548888556,0.0,3.34
550,SEAS_2,8613.807785195491,0.0,3.36
550,SEAS_2,8711.223634363965,0.0,3.38
550,SEAS_2,8820.799458848645,0.0,3.4
550,SEAS_2,8914.729479153415,0.0,3.42
550,SEAS_2,9014.121377679257,0.0,3.44
550,SEAS_2,9123.979646360569,0.0,3.46
550,SEAS_2,9223.91650387821,0.0,3.48
550,SEAS_2,9327.748942349976,0.0,3.5
550,SEAS_2,9433.393173196026,0.0,3.52
550,SEAS_2,9538.906595654214,0.0,3.54
550,SEAS_2,9653.00806939671,0.0,3.56
550,SEAS_2,9761.691505658493,0.0,3.58
550,SEAS_2,9876.498219776959,0.0,3.6
550,SEAS_2,9988.305166438751,0.0,3.62
550,SEAS_2,10104.189665997945,0.0,3.64
550,SEAS_2,10215.046393741704,0.0,3.66
550,SEAS_2,10337.331904101906,0.0,3.68
550,SEAS_2,10452.660614098151,0.0,3.7
550,SEAS_2,10571.359124320894,0.0,3.72
550,SEAS_2,10693.618977607834,0.0,3.74
550,SEAS_2,10808.341602488203,0.0,3.76
550,SEAS_2,10929.921979901592,0.0,3.78
550,SEAS_2,11036.954673862718,0.0,3.8
550,SEAS_2,11159.081766938365,0.0,3.82
550,SEAS_2,11284.582707972555,0.0,3.84
550,SEAS_2,11390.77613182189,0.0,3.86
550,SEAS_2,11510.39840903657,0.0,3.88
550,SEAS_2,11632.420885862388,0.0,3.9
550,SEAS_2,11738.67318639541,0.0,3.92
550,SEAS_2,11853.397794621114,0.0,3.94
550,SEAS_2,11976.645977231248,0.0,3.96
550,SEAS_2,12084.705125543791,0.0,3.98
550,SEAS_2,12204.208055010175,0.0,4.0
550,SEAS_2,12321.878409777226,0.0,4.02
550,SEAS_2,12447.626834449311,0.0,4.04
550,SEAS_2,12553.031610359498,0.0,4.06
550,SEAS_2,12675.68579243831,0.0,4.08
550,SEAS_2,12793.531715602227,0.0,4.1
550,SEAS_2,12921.923046815962,0.0,4.12
550,SEAS_2,13045.129975295695,0.0,4.14
550,SEAS_2,13158.80198517562,0.0,4.16
550,SEAS_2,13288.753963792902,0.0,4.18
550,SEAS_2,13416.560225027464,0.0,4.2
550,SEAS_2,13538.512476574,0.0,4.22
550,SEAS_2,13666.475003849897,0.0,4.24
550,SEAS_2,13798.672440434428,0.0,4.26
550,SEAS_2,13915.770916910104,0.0,4.28
550,SEAS_2,14037.304764215387,0.0,4.3
550,SEAS_2,14167.41980715129,0.0,4.32
550,SEAS_2,14296.732972892942,0.0,4.34
550,SEAS_2,14424.970975285045,0.0,4.36
550,SEAS_2,14548.354666168745,0.0,4.38
550,SEAS_2,14673.51785625242,0.0,4.4
550,SEAS_2,14803.871218401215,0.0,4.42
550,SEAS_2,14924.113527321304,0.0,4.44
550,SEAS_2,15049.66927457734,0.0,4.46
550,SEAS_2,15171.414729347885,0.0,4.48
550,SEAS_2,15294.352552895585,0.0,4.5
550,SEAS_2,15419.256791471453,0.0,4.52
550,SEAS_2,15545.767764341575,0.0,4.54
550,SEAS_2,15671.845693193325,0.0,4.56
550,SEAS_2,15798.275284697635,0.0,4.58
550,SEAS_2,15929.18202007271,0.0,4.6
550,SEAS_2,16057.221475477338,0.0,4.62
550,SEAS_2,16188.718001904434,0.0,4.64
550,SEAS_2,16319.30925321439,0.0,4.66
550,SEAS_2,16454.887034903855,0.0,4.68
550,SEAS_2,16593.220207857506,0.0,4.7
550,SEAS_2,16725.68542223465,0.0,4.72
550,SEAS_2,16862.59318123944,0.0,4.74
550,SEAS_2,16997.311778039053,0.0,4.76
550,SEAS_2,17136.746550916236,0.0,4.78
550,SEAS_2,17282.67739743525,0.0,4.8
1064,SEAS_2,1086.8530039784284,0.11100179593861138,1.0
1064,SEAS_2,1126.4723425641773,0.09649697034823523,1.02
1064,SEAS_2,1167.2337874650993,0.08268610745340933,1.04
1064,SEAS_2,1207.9961835626207,0.06960186777121903,1.06
1064,SEAS_2,1248.848601071966,0.05858464735947067,1.08
1064,SEAS_2,1289.2902947196947,0.04803590018342461,1.1
1064,SEAS_2,1330.0226863930639,0.03654877907776154,1.12
1064,SEAS_2,1372.4991183082157,0.026725893283651287,1.14
1064,SEAS_2,1415.2147162303609,0.01720275239129708,1.16
1064,SEAS_2,1457.8374180705491,0.009101712426186116,1.18
1064,SEAS_2,1499.9188586767177,0.0,1.2
1064,SEAS_2,1541.7910296538494,0.0,1.22
1064,SEAS_2,1585.2604917609758,0.0,1.24
1064,SEAS_2,1629.6405455156432,0.0,1.26
1064,SEAS_2,1673.9288229868878,0.0,1.28
1064,SEAS_2,1717.7600776461618,0.0,1.3
1064,SEAS_2,1761.2596853291645,0.0,1.32
1064,SEAS_2,1806.3887617123305,0.0,1.34
1064,SEAS_2,1853.0876808443795,0.0,1.36
1064,SEAS_2,1900.0037208071271,0.0,1.38
1064,SEAS_2,1946.719123910059,0.0,1.4
1064,SEAS_2,1993.120820260864,0.0,1.42
1064,SEAS_2,2041.2433561744983,0.0,1.44
1064,SEAS_2,2091.1246723621207,0.0,1.46
1064,SEAS_2,2141.298450547003,0.0,1.48
1064,SEAS_2,2191.245832290282,0.0,1.5
1064,SEAS_2,2240.7626972739035,0.0,1.52
1064,SEAS_2,2292.1155681781584,0.0,1.54
1064,SEAS_2,2345.0453329666734,0.0,1.56
1064,SEAS_2,2398.2932120193627,0.0,1.58
1064,SEAS_2,2451.1879527526917,0.0,1.6
1064,SEAS_2,2503.7008543123884,0.0,1.62
1064,SEAS_2,2558.514787097806,0.0,1.64
1064,SEAS_2,2614.700776078229,0.0,1.66
1064,SEAS_2,2671.512768814292,0.0,1.68
1064,SEAS_2,2727.780305907647,0.0,1.7
1064,SEAS_2,2783.7464934576956,0.0,1.72
1064,SEAS_2,2842.3256966306717,0.0,1.74
1064,SEAS_2,2901.560758320713,0.0,1.76
1064,SEAS_2,2961.433538944667,0.0,1.78
1064,SEAS_2,3020.0689678204235,0.0,1.8
1064,SEAS_2,3078.284001468313,0.0,1.82
1064,SEAS_2,3138.9066266256364,0.0,1.84
1064,SEAS_2,3199.272974900143,0.0,1.86
1064,SEAS_2,3260.063805053258,0.0,1.88
1064,SEAS_2,3319.0344128048155,0.0,1.9
1064,SEAS_2,3378.045420024249,0.0,1.92
1064,SEAS_2,3439.1866457429815,0.0,1.94
1064,SEAS_2,3500.051040418831,0.0,1.96
1064,SEAS_2,3561.081023648374,0.0,1.98
1064,SEAS_2,3620.1894164790638,0.0,2.0
1064,SEAS_2,3680.278154757893,0.0,2.02
1064,SEAS_2,3741.4023371385965,0.0,2.04
1064,SEAS_2,3802.7189450329533,0.0,2.06
1064,SEAS_2,3863.0615501741436,0.0,2.08
1064,SEAS_2,3921.377628002604,0.0,2.1
1064,SEAS_2,3981.3092121289137,0.0,2.12
1064,SEAS_2,4040.5877297406005,0.0,2.14
1064,SEAS_2,4100.751630292099,0.0,2.16
1064,SEAS_2,4158.749115790067,0.0,2.18
1064,SEAS_2,4215.449889938825,0.0,2.2
1064,SEAS_2,4274.358841108655,0.0,2.22
1064,SEAS_2,4332.557514739482,0.0,2.24
1064,SEAS_2,4392.3816693497765,0.0,2.26
1064,SEAS_2,4449.993323798333,0.0,2.28
1064,SEAS_2,4508.0105381718895,0.0,2.3
1064,SEAS_2,4567.87227791966,0.0,2.32
1064,SEAS_2,4628.232835980691,0.0,2.34
1064,SEAS_2,4689.365465475161,0.0,2.36
1064,SEAS_2,4748.626916922976,0.0,2.38
1064,SEAS_2,4809.793309848235,0.0,2.4
1064,SEAS_2,4870.886963386478,0.0,2.42
1064,SEAS_2,4934.181382046732,0.0,2.44
1064,SEAS_2,4996.466851670373,0.0,2.46
1064,SEAS_2,5058.056069351564,0.0,2.48
1064,SEAS_2,5122.467475016592,0.0,2.5
1064,SEAS_2,5187.125089001368,0.0,2.52
1064,SEAS_2,5255.169235362672,0.0,2.54
1064,SEAS_2,5322.026478194182,0.0,2.56
1064,SEAS_2,5390.178492867335,0.0,2.58
1064,SEAS_2,5460.954831498821,0.0,2.6
1064,SEAS_2,5533.602264323766,0.0,2.62
1064,SEAS_2,5608.644683217286,0.0,2.64
1064,SEAS_2,5682.81072446804,0.0,2.66
1064,SEAS_2,5759.367599255414,0.0,2.68
1064,SEAS_2,5836.552285504852,0.0,2.7
1064,SEAS_2,5917.189629477899,0.0,2.72
1064,SEAS_2,5997.278596815728,0.0,2.74
1064,SEAS_2,6077.544369550996,0.0,2.76
1064,SEAS_2,6160.412493865029,0.0,2.78
1064,SEAS_2,6244.027239931091,0.0,2.8
1064,SEAS_2,6331.291443726688,0.0,2.82
1064,SEAS_2,6417.762704506371,0.0,2.84
1064,SEAS_2,6506.321121784025,0.0,2.86
1064,SEAS_2,6595.943018762904,0.0,2.88
1064,SEAS_2,6688.367815714599,0.0,2.9
1064,SEAS_2,6782.35433057537,0.0,2.92
1064,SEAS_2,6875.566933777578,0.0,2.94
1064,SEAS_2,6970.59745212531,0.0,2.96
1064,SEAS_2,7065.239134205971,0.0,2.98
1064,SEAS_2,7162.994992511959,0.0,3.0
1064,SEAS_2,7259.448677992517,0.0,3.02
1064,SEAS_2,7355.369451101535,0.0,3.04
1064,SEAS_2,7451.954468477328,0.0,3.06
1064,SEAS_2,7549.135915700527,0.0,3.08
1064,SEAS_2,7648.994092691955,0.0,3.1
1064,SEAS_2,7747.16818849389,0.0,3.12
1064,SEAS_2,7845.472366158658,0.0,3.14
1064,SEAS_2,7943.677567698727,0.0,3.16
1064,SEAS_2,8045.845348938347,0.0,3.18
1064,SEAS_2,8148.20518298016,0.0,3.2
1064,SEAS_2,8249.217334108182,0.0,3.22
1064,SEAS_2,8349.306964917867,0.0,3.24
1064,SEAS_2,8448.717471671156,0.0,3.26
1064,SEAS_2,8552.5903925229,0.0,3.28
1064,SEAS_2,8655.446124467195,0.0,3.3
1064,SEAS_2,8754.179511391934,0.0,3.32
1064,SEAS_2,8851.996942133177,0.0,3.34
1064,SEAS_2,8954.60715782948,0.0,3.36
1064,SEAS_2,9056.301139951533,0.0,3.38
1064,SEAS_2,9156.879667524812,0.0,3.4
1064,SEAS_2,9260.041707177586,0.0,3.42
1064,SEAS_2,9362.56718030182,0.0,3.44
1064,SEAS_2,9465.197576179573,0.0,3.46
1064,SEAS_2,9574.109472073871,0.0,3.48
1064,SEAS_2,9680.13771271509,0.0,3.5
1064,SEAS_2,9784.785927849363,0.0,3.52
1064,SEAS_2,9894.618564953209,0.0,3.54
1064,SEAS_2,10000.081776340196,0.0,3.56
1064,SEAS_2,10113.374970525918,0.0,3.58
1064,SEAS_2,10219.691461846814,0.0,3.6
1064,SEAS_2,10330.764312019543,0.0,3.62
1064,SEAS_2,10439.070012090655,0.0,3.64
1064,SEAS_2,10555.732442062406,0.0,3.66
1064,SEAS_2,10667.109712179845,0.0,3.68
1064,SEAS_2,10785.565435297744,0.0,3.7
1064,SEAS_2,10898.699803443782,0.0,3.72
1064,SEAS_2,11021.47224273616,0.0,3.74
1064,SEAS_2,11144.03964343536,0.0,3.76
1064,SEAS_2,11264.877251736361,0.0,3.78
1064,SEAS_2,11392.154165160862,0.0,3.8
1064,SEAS_2,11515.965829566558,0.0,3.82
1064,SEAS_2,11646.152135249089,0.0,3.84
1064,SEAS_2,11775.714431172224,0.0,3.86
1064,SEAS_2,11902.690305182798,0.0,3.88
1064,SEAS_2,12033.169641953758,0.0,3.9
1064,SEAS_2,12163.24757818722,0.0,3.92
1064,SEAS_2,12294.488313181013,0.0,3.94
1064,SEAS_2,12428.187768938486,0.0,3.96
1064,SEAS_2,12566.594581592159,0.0,3.98
1064,SEAS_2,12701.712367431019,0.0,4.0
1064,SEAS_2,12835.423923740505,0.0,4.02
1064,SEAS_2,12977.810924580333,0.0,4.04
1064,SEAS_2,13119.632058610492,0.0,4.06
1064,SEAS_2,13260.831803080513,0.0,4.08
1064,SEAS_2,13396.521678111189,0.0,4.1
1064,SEAS_2,13536.29481662461,0.0,4.12
1064,SEAS_2,13684.303934573625,0.0,4.14
1064,SEAS_2,13823.6406656257,0.0,4.16
1064,SEAS_2,13965.718241236951,0.0,4.18
1064,SEAS_2,14100.78109517914,0.0,4.2
1064,SEAS_2,14237.853459609858,0.0,4.22
1064,SEAS_2,14376.396470872742,0.0,4.24
1064,SEAS_2,14520.928179187653,0.0,4.26
1064,SEAS_2,14663.13303506888,0.0,4.28
1064,SEAS_2,14799.324787426227,0.0,4.3
1064,SEAS_2,14942.781822203937,0.0,4.32
1064,SEAS_2,15085.115480277655,0.0,4.34
1064,SEAS_2,15221.872659785746,0.0,4.36
1064,SEAS_2,15359.18479968387,0.0,4.38
1064,SEAS_2,15497.722814851932,0.0,4.4
1064,SEAS_2,15634.467350620787,0.0,4.42
1064,SEAS_2,15769.491854435957,0.0,4.44
1064,SEAS_2,15903.09583358082,0.0,4.46
1064,SEAS_2,16037.68647324961,0.0,4.48
1064,SEAS_2,16174.06639228267,0.0,4.5
1064,SEAS_2,16310.662065298304,0.0,4.52
1064,SEAS_2,16445.476915909363,0.0,4.54
1064,SEAS_2,16579.110117130098,0.0,4.56
1064,SEAS_2,16714.619441943432,0.0,4.58
1064,SEAS_2,16851.11038944452,0.0,4.6
1064,SEAS_2,16989.42764718742,0.0,4.62
1064,SEAS_2,17127.78078910072,0.0,4.64
1064,SEAS_2,17266.918128920795,0.0,4.66
1064,SEAS_2,17408.55012014481,0.0,4.68
1064,SEAS_2,17550.08458679419,0.0,4.7
1064,SEAS_2,17690.935135821484,0.0,4.72
1064,SEAS_2,17829.66434501667,0.0,4.74
1064,SEAS_2,17965.935366357084,0.0,4.76
1064,SEAS_2,18102.440637729203,0.0,4.78
1064,SEAS_2,18251.816839086405,0.0,4.8
355,SEAS_3,289.5750753124296,0.0,1.0
355,SEAS_3,301.0997981144829,0.0,1.02
355,SEAS_3,312.7556057237995,0.0,1.04
355,SEAS_3,324.808837086381,0.0,1.06
355,SEAS_3,336.8380702085434,0.0,1.08
355,SEAS_3,349.46357296845633,0.0,1.1
355,SEAS_3,362.027766545256,0.0,1.12
355,SEAS_3,374.99346329191735,0.0,1.14
355,SEAS_3,388.1040828604275,0.0,1.16
355,SEAS_3,401.5470912070935,0.0,1.18
355,SEAS_3,414.884854750983,0.0,1.2
355,SEAS_3,428.86171907723985,0.0,1.22
355,SEAS_3,442.54068334292816,0.0,1.24
355,SEAS_3,456.641318096014,0.0,1.26
355,SEAS_3,470.89219464359644,0.0,1.28
355,SEAS_3,485.18301480549053,0.0,1.3
355,SEAS_3,499.45789489898493,0.0,1.32
355,SEAS_3,514.0165348180833,0.0,1.34
355,SEAS_3,528.8453665102754,0.0,1.36
355,SEAS_3,543.3436884283141,0.0,1.38
355,SEAS_3,558.7774767269027,0.0,1.4
355,SEAS_3,574.2376199937739,0.0,1.42
355,SEAS_3,589.4735770366915,0.0,1.44
355,SEAS_3,605.1814434461377,0.0,1.46
355,SEAS_3,620.8697778200919,0.0,1.48
355,SEAS_3,637.1964921731802,0.0,1.5
355,SEAS_3,654.0977644996408,0.0,1.52
355,SEAS_3,671.3143073010506,0.0,1.54
355,SEAS_3,689.041014917591,0.0,1.56
355,SEAS_3,706.8073992632096,0.0,1.58
355,SEAS_3,725.1170303163441,0.0,1.6
355,SEAS_3,743.2513072681677,0.0,1.62
355,SEAS_3,761.9345548879817,0.0,1.64
355,SEAS_3,781.8251564173203,0.0,1.66
355,SEAS_3,800.2077916352749,0.0,1.68
355,SEAS_3,819.7615917653385,0.0,1.7
355,SEAS_3,839.322888566166,0.0,1.72
355,SEAS_3,858.2492723264698,0.0,1.74
355,SEAS_3,877.5811155627417,0.0,1.76
355,SEAS_3,897.1419652499128,0.0,1.78
355,SEAS_3,916.2256161673105,0.0,1.8
355,SEAS_3,936.2886580260031,0.0,1.82
355,SEAS_3,955.5470489523195,0.0,1.84
355,SEAS_3,974.6358034277079,0.0,1.86
355,SEAS_3,995.0306498948072,0.0,1.88
355,SEAS_3,1015.3596217746207,0.0,1.9
355,SEAS_3,1036.3872853401897,0.0,1.92
355,SEAS_3,1057.8037542693487,0.0,1.94
355,SEAS_3,1079.3424911341906,0.0,1.96
355,SEAS_3,1101.5924455905565,0.0,1.98
355,SEAS_3,1124.0592781452992,0.0,2.0
355,SEAS_3,1147.0477979426735,0.0,2.02
355,SEAS_3,1170.550802949505,0.0,2.04
355,SEAS_3,1193.7298522626713,0.0,2.06
355,SEAS_3,1217.0292208263077,0.0,2.08
355,SEAS_3,1240.7094879785143,0.0,2.1
355,SEAS_3,1263.796713012653,0.0,2.12
355,SEAS_3,1288.5068805060296,0.0,2.14
355,SEAS_3,1312.0457401160402,0.0,2.16
355,SEAS_3,1335.1914305901837,0.0,2.18
355,SEAS_3,1358.47738660804,0.0,2.2
355,SEAS_3,1382.524321421708,0.0,2.22
355,SEAS_3,1405.4386973602252,0.0,2.24
355,SEAS_3,1430.7525533476069,0.0,2.26
355,SEAS_3,1454.436663724298,0.0,2.28
355,SEAS_3,1479.5037980244733,0.0,2.3
355,SEAS_3,1504.2729515581138,0.0,2.32
355,SEAS_3,1530.4377624742638,0.0,2.34
355,SEAS_3,1555.9708934147195,0.0,2.36
355,SEAS_3,1583.8935453269944,0.0,2.38
355,SEAS_3,1609.6079426397173,0.0,2.4
355,SEAS_3,1637.6902987683602,0.0,2.42
355,SEAS_3,1666.0063254177915,0.0,2.44
355,SEAS_3,1692.5727242448843,0.0,2.46
355,SEAS_3,1720.886418952758,0.0,2.48
355,SEAS_3,1749.3479580394978,0.0,2.5
355,SEAS_3,1776.666253199695,0.0,2.52
355,SEAS_3,1803.4490109290425,0.0,2.54
355,SEAS_3,1831.1173936275225,0.0,2.56
355,SEAS_3,1859.2812438208375,0.0,2.58
355,SEAS_3,1886.6735116737818,0.0,2.6
355,SEAS_3,1914.6399515187254,0.0,2.62
355,SEAS_3,1942.9988077312573,0.0,2.64
355,SEAS_3,1970.7931339803108,0.0,2.66
355,SEAS_3,1999.714966505103,0.0,2.68
355,SEAS_3,2028.9451495338103,0.0,2.7
355,SEAS_3,2058.9739512037195,0.0,2.72
355,SEAS_3,2089.700204660322,0.0,2.74
355,SEAS_3,2120.799633108223,0.0,2.76
355,SEAS_3,2152.1713031529425,0.0,2.78
355,SEAS_3,2184.4327980058565,0.0,2.8
355,SEAS_3,2216.4625637975814,0.0,2.82
355,SEAS_3,2248.295466619445,0.0,2.84
355,SEAS_3,2279.4821182318046,0.0,2.86
355,SEAS_3,2310.781403082238,0.0,2.88
355,SEAS_3,2341.387839718172,0.0,2.9
355,SEAS_3,2373.092291553582,0.0,2.92
355,SEAS_3,2405.06075958308,0.0,2.94
355,SEAS_3,2436.769812335045,0.0,2.96
355,SEAS_3,2468.0462600201886,0.0,2.98
355,SEAS_3,2499.273028217397,0.0,3.0
355,SEAS_3,2532.5096798971877,0.0,3.02
355,SEAS_3,2565.49142102473,0.0,3.04
355,SEAS_3,2597.6992581230274,0.0,3.06
355,SEAS_3,2633.6147469965226,0.0,3.08
355,SEAS_3,2667.164331594031,0.0,3.1
355,SEAS_3,2700.924263660195,0.0,3.12
355,SEAS_3,2737.8356914870387,0.0,3.14
355,SEAS_3,2772.96629607505,0.0,3.16
355,SEAS_3,2808.3240868429207,0.0,3.18
355,SEAS_3,2844.1253555759263,0.0,3.2
355,SEAS_3,2879.463129271674,0.0,3.22
355,SEAS_3,2915.810271567957,0.0,3.24
355,SEAS_3,2949.451169945928,0.0,3.26
355,SEAS_3,2986.3886932859455,0.0,3.28
355,SEAS_3,3019.7664457352193,0.0,3.3
355,SEAS_3,3056.8015330096287,0.0,3.32
355,SEAS_3,3090.2379395712774,0.0,3.34
355,SEAS_3,3128.278566590251,0.0,3.36
355,SEAS_3,3163.5337146226084,0.0,3.38
355,SEAS_3,3200.2399835817323,0.0,3.4
355,SEAS_3,3238.4064892295673,0.0,3.42
355,SEAS_3,3275.149347617735,0.0,3.44
355,SEAS_3,3315.340859231127,0.0,3.46
355,SEAS_3,3352.7870655777174,0.0,3.48
355,SEAS_3,3391.4348266019983,0.0,3.5
355,SEAS_3,3432.721508739107,0.0,3.52
355,SEAS_3,3471.1983308713397,0.0,3.54
355,SEAS_3,3509.737220078099,0.0,3.56
355,SEAS_3,3550.9408441123214,0.0,3.58
355,SEAS_3,3588.780909661241,0.0,3.6
355,SEAS_3,3627.4902876810997,0.0,3.62
355,SEAS_3,3667.201597279245,0.0,3.64
355,SEAS_3,3707.8320882238627,0.0,3.66
355,SEAS_3,3745.3699680182226,0.0,3.68
355,SEAS_3,3783.68026852064,0.0,3.7
355,SEAS_3,3824.168621618837,0.0,3.72
355,SEAS_3,3866.0062738202373,0.0,3.74
355,SEAS_3,3905.7898282996657,0.0,3.76
355,SEAS_3,3946.0526486630056,0.0,3.78
355,SEAS_3,3987.819005598183,0.0,3.8
355,SEAS_3,4031.147355058075,0.0,3.82
355,SEAS_3,4075.5788267710427,0.0,3.84
355,SEAS_3,4119.1543810757485,0.0,3.86
355,SEAS_3,4160.621501963421,0.0,3.88
355,SEAS_3,4203.53316744172,0.0,3.9
355,SEAS_3,4245.955537229195,0.0,3.92
355,SEAS_3,4288.854086572687,0.0,3.94
355,SEAS_3,4331.9393956375425,0.0,3.96
355,SEAS_3,4374.548263589705,0.0,3.98
355,SEAS_3,4418.1335261312215,0.0,4.0
355,SEAS_3,4461.483608805732,0.0,4.02
355,SEAS_3,4505.427720397101,0.0,4.04
355,SEAS_3,4549.284068234403,0.0,4.06
355,SEAS_3,4592.85566835219,0.0,4.08
355,SEAS_3,4637.360047451249,0.0,4.1
355,SEAS_3,4681.940436995254,0.0,4.12
355,SEAS_3,4727.386656658829,0.0,4.14
355,SEAS_3,4773.12188544134,0.0,4.16
355,SEAS_3,4819.448714322969,0.0,4.18
355,SEAS_3,4866.301897525593,0.0,4.2
355,SEAS_3,4913.771190453882,0.0,4.22
355,SEAS_3,4958.993950405861,0.0,4.24
355,SEAS_3,5005.862941588868,0.0,4.26
355,SEAS_3,5051.990210996002,0.0,4.28
355,SEAS_3,5099.773822193722,0.0,4.3
355,SEAS_3,5145.968396787492,0.0,4.32
355,SEAS_3,5192.569168528533,0.0,4.34
355,SEAS_3,5240.336938837616,0.0,4.36
355,SEAS_3,5285.58228802862,0.0,4.38
355,SEAS_3,5332.825616972717,0.0,4.4
355,SEAS_3,5380.17971438541,0.0,4.42
355,SEAS_3,5429.110418671403,0.0,4.44
355,SEAS_3,5476.022764965459,0.0,4.46
355,SEAS_3,5524.561601935984,0.0,4.48
355,SEAS_3,5574.545280823509,0.0,4.5
355,SEAS_3,5625.39624892559,0.0,4.52
355,SEAS_3,5675.682562539372,0.0,4.54
355,SEAS_3,5726.607633690956,0.0,4.56
355,SEAS_3,5776.507868333616,0.0,4.58
355,SEAS_3,5826.943727091075,0.0,4.6
355,SEAS_3,5879.037356973729,0.0,4.62
355,SEAS_3,5929.168209383366,0.0,4.64
355,SEAS_3,5980.651473394542,0.0,4.66
355,SEAS_3,6028.2999871746315,0.0,4.68
355,SEAS_3,6079.407393133608,0.0,4.7
355,SEAS_3,6129.218448418985,0.0,4.72
355,SEAS_3,6181.293064217511,0.0,4.74
355,SEAS_3,6230.0170783366175,0.0,4.76
355,SEAS_3,6282.422739145406,0.0,4.78
355,SEAS_3,6334.630423882581,0.0,4.8
500,SEAS_3,292.3053247895632,0.0,1.0
500,SEAS_3,304.1452128417627,0.0,1.02
500,SEAS_3,315.622521022927,0.0,1.04
500,SEAS_3,327.46593879018803,0.0,1.06
500,SEAS_3,339.6185245192493,0.0,1.08
500,SEAS_3,351.98212367841904,0.0,1.1
500,SEAS_3,364.73497927499045,0.0,1.12
500,SEAS_3,377.4665985033636,0.0,1.14
500,SEAS_3,390.4775457224107,0.0,1.16
500,SEAS_3,403.95142298553833,0.0,1.18
500,SEAS_3,417.3925646511,0.0,1.2
500,SEAS_3,431.4233343209339,0.0,1.22
500,SEAS_3,445.40197395652444,0.0,1.24
500,SEAS_3,460.1955584618187,0.0,1.26
500,SEAS_3,474.94700840983666,0.0,1.28
500,SEAS_3,489.85683278019866,0.0,1.3
500,SEAS_3,505.5913687232202,0.0,1.32
500,SEAS_3,520.9745410971133,0.0,1.34
500,SEAS_3,537.1553891013097,0.0,1.36
500,SEAS_3,553.5159947403777,0.0,1.38
500,SEAS_3,569.601826444368,0.0,1.4
500,SEAS_3,586.1158875317723,0.0,1.42
500,SEAS_3,602.8472762318003,0.0,1.44
500,SEAS_3,619.8662237788018,0.0,1.46
500,SEAS_3,637.2704279801671,0.0,1.48
500,SEAS_3,654.1497266499149,0.0,1.5
500,SEAS_3,671.7403227942756,0.0,1.52
500,SEAS_3,688.6231612592389,0.0,1.54
500,SEAS_3,706.1547854024429,0.0,1.56
500,SEAS_3,723.6313997716013,0.0,1.58
500,SEAS_3,741.2109251402323,0.0,1.6
500,SEAS_3,758.9816405361531,0.0,1.62
500,SEAS_3,776.6352676481481,0.0,1.64
500,SEAS_3,793.9363822290209,0.0,1.66
500,SEAS_3,811.9197384216611,0.0,1.68
500,SEAS_3,829.473449154225,0.0,1.7
500,SEAS_3,847.9315659409756,0.0,1.72
500,SEAS_3,866.0372151293964,0.0,1.74
500,SEAS_3,885.4949802503863,0.0,1.76
500,SEAS_3,903.7991982614104,0.0,1.78
500,SEAS_3,923.8028559709976,0.0,1.8
500,SEAS_3,943.1623716571503,0.0,1.82
500,SEAS_3,963.1959070536111,0.0,1.84
500,SEAS_3,983.7278247702168,0.0,1.86
500,SEAS_3,1005.2650324733194,0.0,1.88
500,SEAS_3,1026.9503685674567,0.0,1.9
500,SEAS_3,1048.6064802843753,0.0,1.92
500,SEAS_3,1070.985454539636,0.0,1.94
500,SEAS_3,1093.079169517906,0.0,1.96
500,SEAS_3,1116.5654214423985,0.0,1.98
500,SEAS_3,1139.585312170747,0.0,2.0
500,SEAS_3,1163.2366334129433,0.0,2.02
500,SEAS_3,1187.2235772128902,0.0,2.04
500,SEAS_3,1211.552524888108,0.0,2.06
500,SEAS_3,1236.021760711388,0.0,2.08
500,SEAS_3,1259.9279491815723,0.0,2.1
500,SEAS_3,1283.5953844606188,0.0,2.12
500,SEAS_3,1306.3975674002777,0.0,2.14
500,SEAS_3,1331.3452736176764,0.0,2.16
500,SEAS_3,1354.9837954843754,0.0,2.18
500,SEAS_3,1377.6412294321058,0.0,2.2
500,SEAS_3,1402.005107900101,0.0,2.22
500,SEAS_3,1425.8549040427754,0.0,2.24
500,SEAS_3,1448.9574825114519,0.0,2.26
500,SEAS_3,1474.6079036580684,0.0,2.28
500,SEAS_3,1497.113250627055,0.0,2.3
500,SEAS_3,1523.2762082423824,0.0,2.32
500,SEAS_3,1546.3189061845992,0.0,2.34
500,SEAS_3,1572.797686756115,0.0,2.36
500,SEAS_3,1597.3433913140675,0.0,2.38
500,SEAS_3,1624.2790044099193,0.0,2.4
500,SEAS_3,1651.697414999929,0.0,2.42
500,SEAS_3,1677.5254365322808,0.0,2.44
500,SEAS_3,1706.3615557909234,0.0,2.46
500,SEAS_3,1735.7840408935872,0.0,2.48
500,SEAS_3,1763.0907636633633,0.0,2.5
500,SEAS_3,1791.4592941963801,0.0,2.52
500,SEAS_3,1821.7411877299237,0.0,2.54
500,SEAS_3,1851.7370094372554,0.0,2.56
500,SEAS_3,1880.9865846392386,0.0,2.58
500,SEAS_3,1910.9047458105724,0.0,2.6
500,SEAS_3,1940.2321014527838,0.0,2.62
500,SEAS_3,1970.026007315655,0.0,2.64
500,SEAS_3,1999.579972886785,0.0,2.66
500,SEAS_3,2028.9485046547848,0.0,2.68
500,SEAS_3,2058.6432243430745,0.0,2.7
500,SEAS_3,2088.088708816983,0.0,2.72
500,SEAS_3,2117.7738216402568,0.0,2.74
500,SEAS_3,2147.011045481565,0.0,2.76
500,SEAS_3,2176.5442300270656,0.0,2.78
500,SEAS_3,2206.057107550882,0.0,2.8
500,SEAS_3,2235.5566407307188,0.0,2.82
500,SEAS_3,2266.7838099844794,0.0,2.84
500,SEAS_3,2296.6462520530017,0.0,2.86
500,SEAS_3,2327.96820261381,0.0,2.88
500,SEAS_3,2359.0427348827125,0.0,2.9
500,SEAS_3,2389.7956271805324,0.0,2.92
500,SEAS_3,2421.8944040291167,0.0,2.94
500,SEAS_3,2456.2552511890976,0.0,2.96
500,SEAS_3,2489.403940092089,0.0,2.98
500,SEAS_3,2522.58364785927,0.0,3.0
500,SEAS_3,2556.217413314277,0.0,3.02
500,SEAS_3,2592.239342500163,0.0,3.04
500,SEAS_3,2627.3513376293813,0.0,3.06
500,SEAS_3,2662.347271093123,0.0,3.08
500,SEAS_3,2698.3773739317007,0.0,3.1
500,SEAS_3,2733.211130566059,0.0,3.12
500,SEAS_3,2768.4480197986286,0.0,3.14
500,SEAS_3,2804.8644828946867,0.0,3.16
500,SEAS_3,2838.701233140793,0.0,3.18
500,SEAS_3,2875.487387734149,0.0,3.2
500,SEAS_3,2910.3550119255488,0.0,3.22
500,SEAS_3,2945.265996906859,0.0,3.24
500,SEAS_3,2980.16259314141,0.0,3.26
500,SEAS_3,3014.486059357585,0.0,3.28
500,SEAS_3,3049.5906826684673,0.0,3.3
500,SEAS_3,3084.7330674701716,0.0,3.32
500,SEAS_3,3119.9697722488218,0.0,3.34
500,SEAS_3,3156.578882007733,0.0,3.36
500,SEAS_3,3191.387609483548,0.0,3.38
500,SEAS_3,3229.072162463159,0.0,3.4
500,SEAS_3,3263.9424356670124,0.0,3.42
500,SEAS_3,3303.0700376313594,0.0,3.44
500,SEAS_3,3340.536162358044,0.0,3.46
500,SEAS_3,3378.639716363383,0.0,3.48
500,SEAS_3,3419.7235492339837,0.0,3.5
500,SEAS_3,3457.1022116570325,0.0,3.52
500,SEAS_3,3498.557675229932,0.0,3.54
500,SEAS_3,3539.857260641524,0.0,3.56
500,SEAS_3,3578.3188405593255,0.0,3.58
500,SEAS_3,3619.4648010054516,0.0,3.6
500,SEAS_3,3661.5903663631902,0.0,3.62
500,SEAS_3,3702.633473034477,0.0,3.64
500,SEAS_3,3742.59695081278,0.0,3.66
500,SEAS_3,3784.67569423709,0.0,3.68
500,SEAS_3,3824.902898086833,0.0,3.7
500,SEAS_3,3865.9975864648377,0.0,3.72
500,SEAS_3,3905.6467416594246,0.0,3.74
500,SEAS_3,3946.0504846606145,0.0,3.76
500,SEAS_3,3986.855890039229,0.0,3.78
500,SEAS_3,4027.2531500300347,0.0,3.8
500,SEAS_3,4068.2178914414435,0.0,3.82
500,SEAS_3,4109.32051021902,0.0,3.84
500,SEAS_3,4149.142094255754,0.0,3.86
500,SEAS_3,4189.857530341233,0.0,3.88
500,SEAS_3,4232.17610874079,0.0,3.9
500,SEAS_3,4274.696581645392,0.0,3.92
500,SEAS_3,4317.449892612792,0.0,3.94
500,SEAS_3,4360.665101250963,0.0,3.96
500,SEAS_3,4406.369047544082,0.0,3.98
500,SEAS_3,4449.309378820571,0.0,4.0
500,SEAS_3,4494.740068161362,0.0,4.02
500,SEAS_3,4539.768699362671,0.0,4.04
500,SEAS_3,4585.809676008776,0.0,4.06
500,SEAS_3,4632.216198431104,0.0,4.08
500,SEAS_3,4677.764067323027,0.0,4.1
500,SEAS_3,4724.102514497511,0.0,4.12
500,SEAS_3,4770.48469837597,0.0,4.14
500,SEAS_3,4817.5871922313145,0.0,4.16
500,SEAS_3,4864.795882079054,0.0,4.18
500,SEAS_3,4911.001066255696,0.0,4.2
500,SEAS_3,4957.785741771902,0.0,4.22
500,SEAS_3,5003.708330619669,0.0,4.24
500,SEAS_3,5047.820663342713,0.0,4.26
500,SEAS_3,5095.291153668781,0.0,4.28
500,SEAS_3,5141.186077204509,0.0,4.3
500,SEAS_3,5186.704709756078,0.0,4.32
500,SEAS_3,5231.1124339851485,0.0,4.34
500,SEAS_3,5278.175859659789,0.0,4.36
500,SEAS_3,5324.3237847864975,0.0,4.38
500,SEAS_3,5371.205399580061,0.0,4.4
500,SEAS_3,5418.162184641607,0.0,4.42
500,SEAS_3,5468.59268471054,0.0,4.44
500,SEAS_3,5516.564655776233,0.0,4.46
500,SEAS_3,5565.341261169542,0.0,4.48
500,SEAS_3,5613.749685314266,0.0,4.5
500,SEAS_3,5663.7336478028365,0.0,4.52
500,SEAS_3,5715.2916754016,0.0,4.54
500,SEAS_3,5769.108051608859,0.0,4.56
500,SEAS_3,5819.861742862723,0.0,4.58
500,SEAS_3,5869.627987830681,0.0,4.6
500,SEAS_3,5921.740657438497,0.0,4.62
500,SEAS_3,5974.525245543274,0.0,4.64
500,SEAS_3,6028.368421805719,0.0,4.66
500,SEAS_3,6079.992338518718,0.0,4.68
500,SEAS_3,6127.702889802577,0.0,4.7
500,SEAS_3,6179.78555719999,0.0,4.72
500,SEAS_3,6235.196005031207,0.0,4.74
500,SEAS_3,6286.667349097571,0.0,4.76
500,SEAS_3,6334.351794432348,0.0,4.78
500,SEAS_3,6386.886167102879,0.0,4.8
532,SEAS_3,295.2504977573624,0.0,1.0
532,SEAS_3,306.6667965719737,0.0,1.02
532,SEAS_3,318.7107742579459,0.0,1.04
532,SEAS_3,330.7702058807252,0.0,1.06
532,SEAS_3,342.43631430125436,0.0,1.08
532,SEAS_3,354.8148868603666,0.0,1.1
532,SEAS_3,367.36966155779174,0.0,1.12
532,SEAS_3,379.77003621876327,0.0,1.14
532,SEAS_3,392.8387306898969,0.0,1.16
532,SEAS_3,405.5409073905013,0.0,1.18
532,SEAS_3,419.1169713570594,0.0,1.2
532,SEAS_3,432.62539894568135,0.0,1.22
532,SEAS_3,446.0582187172483,0.0,1.24
532,SEAS_3,460.3037879039485,0.0,1.26
532,SEAS_3,474.67316392950903,0.0,1.28
532,SEAS_3,488.7733006781931,0.0,1.3
532,SEAS_3,503.75351847080117,0.0,1.32
532,SEAS_3,518.7316195217184,0.0,1.34
532,SEAS_3,534.2101059377047,0.0,1.36
532,SEAS_3,549.9888846449957,0.0,1.38
532,SEAS_3,565.7849817007174,0.0,1.4
532,SEAS_3,582.0716059585748,0.0,1.42
532,SEAS_3,598.95912684041,0.0,1.44
532,SEAS_3,616.1771507293289,0.0,1.46
532,SEAS_3,634.0367479256207,0.0,1.48
532,SEAS_3,651.4605380752957,0.0,1.5
532,SEAS_3,669.4667731568493,0.0,1.52
532,SEAS_3,687.6414893702552,0.0,1.54
532,SEAS_3,705.8494764172522,0.0,1.56
532,SEAS_3,724.2068147923972,0.0,1.58
532,SEAS_3,742.7732774859128,0.0,1.6
532,SEAS_3,762.173743207758,0.0,1.62
532,SEAS_3,780.9354972498548,0.0,1.64
532,SEAS_3,799.2237709599704,0.0,1.66
532,SEAS_3,819.3709301549459,0.0,1.68
532,SEAS_3,837.3645122297903,0.0,1.7
532,SEAS_3,857.3746954535288,0.0,1.72
532,SEAS_3,875.7696663819057,0.0,1.74
532,SEAS_3,895.5573843602211,0.0,1.76
532,SEAS_3,914.191289288051,0.0,1.78
532,SEAS_3,933.3970027497866,0.0,1.8
532,SEAS_3,952.9675431198825,0.0,1.82
532,SEAS_3,971.5780395761726,0.0,1.84
532,SEAS_3,991.3485641510091,0.0,1.86
532,SEAS_3,1011.6031959809197,0.0,1.88
532,SEAS_3,1031.8552323990061,0.0,1.9
532,SEAS_3,1052.2570058176366,0.0,1.92
532,SEAS_3,1072.19574948112,0.0,1.94
532,SEAS_3,1093.653719286204,0.0,1.96
532,SEAS_3,1114.8754624609944,0.0,1.98
532,SEAS_3,1136.5994121455096,0.0,2.0
532,SEAS_3,1159.3967717087794,0.0,2.02
532,SEAS_3,1181.9775873380215,0.0,2.04
532,SEAS_3,1206.3702458519736,0.0,2.06
532,SEAS_3,1230.3344195501377,0.0,2.08
532,SEAS_3,1254.675355260988,0.0,2.1
532,SEAS_3,1279.0971867798721,0.0,2.12
532,SEAS_3,1303.1356528492088,0.0,2.14
532,SEAS_3,1329.8246366774135,0.0,2.16
532,SEAS_3,1354.8383883037754,0.0,2.18
532,SEAS_3,1379.5317061849019,0.0,2.2
532,SEAS_3,1406.4889675556433,0.0,2.22
532,SEAS_3,1432.2711492849203,0.0,2.24
532,SEAS_3,1457.3588074344561,0.0,2.26
532,SEAS_3,1484.2397892576032,0.0,2.28
532,SEAS_3,1508.836024475956,0.0,2.3
532,SEAS_3,1535.5911633877618,0.0,2.32
532,SEAS_3,1560.0428116388368,0.0,2.34
532,SEAS_3,1586.4763053507968,0.0,2.36
532,SEAS_3,1611.029171748211,0.0,2.38
532,SEAS_3,1636.880688001822,0.0,2.4
532,SEAS_3,1663.1897930502137,0.0,2.42
532,SEAS_3,1687.5332233541621,0.0,2.44
532,SEAS_3,1714.293649711415,0.0,2.46
532,SEAS_3,1740.9627902790635,0.0,2.48
532,SEAS_3,1766.780976688675,0.0,2.5
532,SEAS_3,1792.6072557481662,0.0,2.52
532,SEAS_3,1820.4954400173363,0.0,2.54
532,SEAS_3,1848.5270165795296,0.0,2.56
532,SEAS_3,1877.536922896325,0.0,2.58
532,SEAS_3,1905.6982155225728,0.0,2.6
532,SEAS_3,1934.2818117244294,0.0,2.62
532,SEAS_3,1963.9455531799572,0.0,2.64
532,SEAS_3,1994.1176963691717,0.0,2.66
532,SEAS_3,2024.596843467267,0.0,2.68
532,SEAS_3,2055.357609906407,0.0,2.7
532,SEAS_3,2086.926858690685,0.0,2.72
532,SEAS_3,2118.7315108930507,0.0,2.74
532,SEAS_3,2150.8053669562732,0.0,2.76
532,SEAS_3,2183.6306172135683,0.0,2.78
532,SEAS_3,2215.5358264025463,0.0,2.8
532,SEAS_3,2247.6026403017536,0.0,2.82
532,SEAS_3,2279.8826161136103,0.0,2.84
532,SEAS_3,2312.2498674935555,0.0,2.86
532,SEAS_3,2343.669413465823,0.0,2.88
532,SEAS_3,2375.1062952701627,0.0,2.9
532,SEAS_3,2405.8390120099625,0.0,2.92
532,SEAS_3,2437.2913129977333,0.0,2.94
532,SEAS_3,2469.6526388178545,0.0,2.96
532,SEAS_3,2501.5013948050514,0.0,2.98
532,SEAS_3,2532.29663151815,0.0,3.0
532,SEAS_3,2563.3904457184935,0.0,3.02
532,SEAS_3,2597.086065812324,0.0,3.04
532,SEAS_3,2629.0906578946724,0.0,3.06
532,SEAS_3,2660.470428008299,0.0,3.08
532,SEAS_3,2695.5145013372658,0.0,3.1
532,SEAS_3,2729.175777015331,0.0,3.12
532,SEAS_3,2762.3222044333756,0.0,3.14
532,SEAS_3,2798.7865186746903,0.0,3.16
532,SEAS_3,2832.2857848328204,0.0,3.18
532,SEAS_3,2869.9158363738266,0.0,3.2
532,SEAS_3,2905.1789808103185,0.0,3.22
532,SEAS_3,2943.9097081559967,0.0,3.24
532,SEAS_3,2980.2572067143597,0.0,3.26
532,SEAS_3,3018.609166840649,0.0,3.28
532,SEAS_3,3056.056508730102,0.0,3.3
532,SEAS_3,3093.968961336962,0.0,3.32
532,SEAS_3,3132.2500448267965,0.0,3.34
532,SEAS_3,3170.205838964148,0.0,3.36
532,SEAS_3,3206.7246368275228,0.0,3.38
532,SEAS_3,3246.7242535521596,0.0,3.4
532,SEAS_3,3282.2717498155653,0.0,3.42
532,SEAS_3,3321.155220406801,0.0,3.44
532,SEAS_3,3359.0197363713833,0.0,3.46
532,SEAS_3,3395.3111836804956,0.0,3.48
532,SEAS_3,3433.7700915310647,0.0,3.5
532,SEAS_3,3469.964903594013,0.0,3.52
532,SEAS_3,3507.311813736482,0.0,3.54
532,SEAS_3,3545.9800022247623,0.0,3.56
532,SEAS_3,3583.7203426150954,0.0,3.58
532,SEAS_3,3620.4454820481897,0.0,3.6
532,SEAS_3,3661.0652371393603,0.0,3.62
532,SEAS_3,3699.8327590807,0.0,3.64
532,SEAS_3,3738.2461434036945,0.0,3.66
532,SEAS_3,3778.1782404562227,0.0,3.68
532,SEAS_3,3819.49297191402,0.0,3.7
532,SEAS_3,3861.479796905335,0.0,3.72
532,SEAS_3,3902.503896271244,0.0,3.74
532,SEAS_3,3944.0682457595462,0.0,3.76
532,SEAS_3,3987.8846269490996,0.0,3.78
532,SEAS_3,4031.1166973295726,0.0,3.8
532,SEAS_3,4075.9728656976267,0.0,3.82
532,SEAS_3,4118.603345574314,0.0,3.84
532,SEAS_3,4160.737949140777,0.0,3.86
532,SEAS_3,4204.902638977574,0.0,3.88
532,SEAS_3,4249.008459886414,0.0,3.9
532,SEAS_3,4293.895329329959,0.0,3.92
532,SEAS_3,4337.247177747242,0.0,3.94
532,SEAS_3,4381.752994006147,0.0,3.96
532,SEAS_3,4424.602379796863,0.0,3.98
532,SEAS_3,4468.842946754595,0.0,4.0
532,SEAS_3,4510.948742982255,0.0,4.02
532,SEAS_3,4553.837389195718,0.0,4.04
532,SEAS_3,4597.908027463245,0.0,4.06
532,SEAS_3,4640.624988762683,0.0,4.08
532,SEAS_3,4684.722270891602,0.0,4.1
532,SEAS_3,4727.993174214907,0.0,4.12
532,SEAS_3,4772.323304373978,0.0,4.14
532,SEAS_3,4816.338506246742,0.0,4.16
532,SEAS_3,4860.880220582848,0.0,4.18
532,SEAS_3,4906.247629652847,0.0,4.2
532,SEAS_3,4951.5604714073725,0.0,4.22
532,SEAS_3,4998.922128253809,0.0,4.24
532,SEAS_3,5046.805408252987,0.0,4.26
532,SEAS_3,5094.48772152696,0.0,4.28
532,SEAS_3,5141.362446112709,0.0,4.3
532,SEAS_3,5189.1471535139335,0.0,4.32
532,SEAS_3,5238.768521564958,0.0,4.34
532,SEAS_3,5287.669592210267,0.0,4.36
532,SEAS_3,5336.396219808902,0.0,4.38
532,SEAS_3,5386.076041083726,0.0,4.4
532,SEAS_3,5437.922693227448,0.0,4.42
532,SEAS_3,5487.829041429436,0.0,4.44
532,SEAS_3,5538.307298912827,0.0,4.46
532,SEAS_3,5586.772211356932,0.0,4.48
532,SEAS_3,5635.369679129684,0.0,4.5
532,SEAS_3,5683.264019418928,0.0,4.52
532,SEAS_3,5732.870001943002,0.0,4.54
532,SEAS_3,5784.507682104802,0.0,4.56
532,SEAS_3,5833.741505820973,0.0,4.58
532,SEAS_3,5880.0285820897325,0.0,4.6
532,SEAS_3,5929.976050173085,0.0,4.62
532,SEAS_3,5977.645281206119,0.0,4.64
532,SEAS_3,6030.267031763839,0.0,4.66
532,SEAS_3,6078.851080413328,0.0,4.68
532,SEAS_3,6128.839014695605,0.0,4.7
532,SEAS_3,6178.855350942524,0.0,4.72
532,SEAS_3,6232.182929959222,0.0,4.74
532,SEAS_3,6283.892263134609,0.0,4.76
532,SEAS_3,6334.813848977121,0.0,4.78
532,SEAS_3,6386.664435448122,0.0,4.8
550,SEAS_3,297.941872050581,0.0,1.0
550,SEAS_3,309.67270525678896,0.0,1.02
550,SEAS_3,321.49737159749384,0.0,1.04
550,SEAS_3,333.4893622645369,0.0,1.06
550,SEAS_3,345.91313340610867,0.0,1.08
550,SEAS_3,357.8982705341052,0.0,1.1
550,SEAS_3,370.11006876467036,0.0,1.12
550,SEAS_3,383.05297516496955,0.0,1.14
550,SEAS_3,395.7576492357457,0.0,1.16
550,SEAS_3,408.4433641897257,0.0,1.18
550,SEAS_3,421.8652411238989,0.0,1.2
550,SEAS_3,435.256038959051,0.0,1.22
550,SEAS_3,448.6902989356074,0.0,1.24
550,SEAS_3,462.4913645916472,0.0,1.26
550,SEAS_3,476.4012273604016,0.0,1.28
550,SEAS_3,490.38860506009325,0.0,1.3
550,SEAS_3,505.37600668269596,0.0,1.32
550,SEAS_3,519.712038966941,0.0,1.34
550,SEAS_3,534.789653404162,0.0,1.36
550,SEAS_3,550.6841415039435,0.0,1.38
550,SEAS_3,565.4746930222786,0.0,1.4
550,SEAS_3,581.6646792157261,0.0,1.42
550,SEAS_3,598.1057201481585,0.0,1.44
550,SEAS_3,614.7891168674802,0.0,1.46
550,SEAS_3,631.7642929771232,0.0,1.48
550,SEAS_3,648.6887484674796,0.0,1.5
550,SEAS_3,666.741318757588,0.0,1.52
550,SEAS_3,684.9047708428558,0.0,1.54
550,SEAS_3,702.8250462859172,0.0,1.56
550,SEAS_3,721.5783949464682,0.0,1.58
550,SEAS_3,740.3851795855895,0.0,1.6
550,SEAS_3,760.1880722317209,0.0,1.62
550,SEAS_3,779.7305845447268,0.0,1.64
550,SEAS_3,798.6625807357046,0.0,1.66
550,SEAS_3,818.8940683795704,0.0,1.68
550,SEAS_3,838.0078827920572,0.0,1.7
550,SEAS_3,858.1082703221366,0.0,1.72
550,SEAS_3,878.0485436651352,0.0,1.74
550,SEAS_3,898.131703158046,0.0,1.76
550,SEAS_3,918.1252439155305,0.0,1.78
550,SEAS_3,938.137890685328,0.0,1.8
550,SEAS_3,958.3269140755052,0.0,1.82
550,SEAS_3,977.9026383691538,0.0,1.84
550,SEAS_3,998.0570866035189,0.0,1.86
550,SEAS_3,1018.0154040047736,0.0,1.88
550,SEAS_3,1038.1318229459907,0.0,1.9
550,SEAS_3,1057.651166344484,0.0,1.92
550,SEAS_3,1078.3770289353392,0.0,1.94
550,SEAS_3,1098.4421686788285,0.0,1.96
550,SEAS_3,1119.641623140394,0.0,1.98
550,SEAS_3,1140.7579197410887,0.0,2.0
550,SEAS_3,1162.120625106064,0.0,2.02
550,SEAS_3,1184.4897300827324,0.0,2.04
550,SEAS_3,1206.9715421416224,0.0,2.06
550,SEAS_3,1230.0804109512703,0.0,2.08
550,SEAS_3,1253.572733503586,0.0,2.1
550,SEAS_3,1276.684509175323,0.0,2.12
550,SEAS_3,1300.3869293314308,0.0,2.14
550,SEAS_3,1325.8808571517698,0.0,2.16
550,SEAS_3,1351.7066382870648,0.0,2.18
550,SEAS_3,1376.3495705230548,0.0,2.2
550,SEAS_3,1402.7842184332171,0.0,2.22
550,SEAS_3,1429.1760028377225,0.0,2.24
550,SEAS_3,1454.5008403798095,0.0,2.26
550,SEAS_3,1483.2506122442564,0.0,2.28
550,SEAS_3,1507.8738296094978,0.0,2.3
550,SEAS_3,1536.3270518339557,0.0,2.32
550,SEAS_3,1561.7362687481407,0.0,2.34
550,SEAS_3,1589.8491915366062,0.0,2.36
550,SEAS_3,1615.9767605390512,0.0,2.38
550,SEAS_3,1643.018133437583,0.0,2.4
550,SEAS_3,1670.1049605202893,0.0,2.42
550,SEAS_3,1695.2372949461876,0.0,2.44
550,SEAS_3,1722.359477050878,0.0,2.46
550,SEAS_3,1749.7651132339547,0.0,2.48
550,SEAS_3,1774.9554108349002,0.0,2.5
550,SEAS_3,1800.8969145004671,0.0,2.52
550,SEAS_3,1829.0204818555455,0.0,2.54
550,SEAS_3,1856.1447076545505,0.0,2.56
550,SEAS_3,1883.2715923926648,0.0,2.58
550,SEAS_3,1909.9467892416558,0.0,2.6
550,SEAS_3,1937.0790813366652,0.0,2.62
550,SEAS_3,1965.0717861111298,0.0,2.64
550,SEAS_3,1993.8822525984542,0.0,2.66
550,SEAS_3,2023.2301819071165,0.0,2.68
550,SEAS_3,2053.350087451188,0.0,2.7
550,SEAS_3,2084.0039399108964,0.0,2.72
550,SEAS_3,2115.0787589345646,0.0,2.74
550,SEAS_3,2146.100803849693,0.0,2.76
550,SEAS_3,2178.4877183499752,0.0,2.78
550,SEAS_3,2210.2617993142335,0.0,2.8
550,SEAS_3,2242.9495085202693,0.0,2.82
550,SEAS_3,2276.5963481841163,0.0,2.84
550,SEAS_3,2309.7886379953657,0.0,2.86
550,SEAS_3,2343.961051478293,0.0,2.88
550,SEAS_3,2376.6503640456076,0.0,2.9
550,SEAS_3,2409.523318622077,0.0,2.92
550,SEAS_3,2442.732872728664,0.0,2.94
550,SEAS_3,2476.0715052038677,0.0,2.96
550,SEAS_3,2509.44471447823,0.0,2.98
550,SEAS_3,2541.666695444912,0.0,3.0
550,SEAS_3,2574.1946106146843,0.0,3.02
550,SEAS_3,2607.1610628446974,0.0,3.04
550,SEAS_3,2639.9485158391785,0.0,3.06
550,SEAS_3,2672.231149193545,0.0,3.08
550,SEAS_3,2705.19376052069,0.0,3.1
550,SEAS_3,2738.307597809769,0.0,3.12
550,SEAS_3,2770.266799684249,0.0,3.14
550,SEAS_3,2805.1382492058024,0.0,3.16
550,SEAS_3,2837.221221790781,0.0,3.18
550,SEAS_3,2872.183870936716,0.0,3.2
550,SEAS_3,2907.6389258949284,0.0,3.22
550,SEAS_3,2942.4797081778747,0.0,3.24
550,SEAS_3,2978.5036500442984,0.0,3.26
550,SEAS_3,3014.254435579232,0.0,3.28
550,SEAS_3,3051.404730906488,0.0,3.3
550,SEAS_3,3088.7530753388496,0.0,3.32
550,SEAS_3,3125.9335965452296,0.0,3.34
550,SEAS_3,3165.74562898738,0.0,3.36
550,SEAS_3,3202.5022474468424,0.0,3.38
550,SEAS_3,3243.500829827398,0.0,3.4
550,SEAS_3,3281.4410284793253,0.0,3.42
550,SEAS_3,3321.721290592526,0.0,3.44
550,SEAS_3,3360.8840328695132,0.0,3.46
550,SEAS_3,3398.8355868930203,0.0,3.48
550,SEAS_3,3440.19197490192,0.0,3.5
550,SEAS_3,3478.0655204798823,0.0,3.52
550,SEAS_3,3517.328533097918,0.0,3.54
550,SEAS_3,3557.781675674104,0.0,3.56
550,SEAS_3,3595.3038118014283,0.0,3.58
550,SEAS_3,3633.9956672219246,0.0,3.6
550,SEAS_3,3673.5848228962286,0.0,3.62
550,SEAS_3,3712.0704129333453,0.0,3.64
550,SEAS_3,3750.042609866361,0.0,3.66
550,SEAS_3,3788.6088258056016,0.0,3.68
550,SEAS_3,3829.07797617263,0.0,3.7
550,SEAS_3,3868.0384085177184,0.0,3.72
550,SEAS_3,3906.952890399205,0.0,3.74
550,SEAS_3,3946.6537476746125,0.0,3.76
550,SEAS_3,3988.9297087952077,0.0,3.78
550,SEAS_3,4030.2057274424906,0.0,3.8
550,SEAS_3,4072.5296952953136,0.0,3.82
550,SEAS_3,4114.31363258602,0.0,3.84
550,SEAS_3,4155.41780893843,0.0,3.86
550,SEAS_3,4199.120182659958,0.0,3.88
550,SEAS_3,4243.580969808112,0.0,3.9
550,SEAS_3,4288.317225049839,0.0,3.92
550,SEAS_3,4333.665005613631,0.0,3.94
550,SEAS_3,4378.133940450915,0.0,3.96
550,SEAS_3,4424.181853099253,0.0,3.98
550,SEAS_3,4470.2297880442275,0.0,4.0
550,SEAS_3,4513.9567553453435,0.0,4.02
550,SEAS_3,4560.34858238097,0.0,4.04
550,SEAS_3,4605.547433266767,0.0,4.06
550,SEAS_3,4651.0647242025325,0.0,4.08
550,SEAS_3,4696.674444093552,0.0,4.1
550,SEAS_3,4741.542394052997,0.0,4.12
550,SEAS_3,4786.827089407276,0.0,4.14
550,SEAS_3,4831.037163143965,0.0,4.16
550,SEAS_3,4875.882035205659,0.0,4.18
550,SEAS_3,4920.441467806798,0.0,4.2
550,SEAS_3,4965.6006138413595,0.0,4.22
550,SEAS_3,5009.517528603788,0.0,4.24
550,SEAS_3,5055.465215164921,0.0,4.26
550,SEAS_3,5102.436089562834,0.0,4.28
550,SEAS_3,5146.344002481092,0.0,4.3
550,SEAS_3,5192.093935077892,0.0,4.32
550,SEAS_3,5238.69343361918,0.0,4.34
550,SEAS_3,5286.143291166294,0.0,4.36
550,SEAS_3,5333.606454338125,0.0,4.38
550,SEAS_3,5381.816271240716,0.0,4.4
550,SEAS_3,5430.43348729325,0.0,4.42
550,SEAS_3,5481.660857011138,0.0,4.44
550,SEAS_3,5531.997584826433,0.0,4.46
550,SEAS_3,5581.925950907183,0.0,4.48
550,SEAS_3,5631.919999344537,0.0,4.5
550,SEAS_3,5682.9469195359325,0.0,4.52
550,SEAS_3,5733.971511410148,0.0,4.54
550,SEAS_3,5787.666169660926,0.0,4.56
550,SEAS_3,5839.154737509956,0.0,4.58
550,SEAS_3,5888.42086111602,0.0,4.6
550,SEAS_3,5940.008944687963,0.0,4.62
550,SEAS_3,5990.610411481309,0.0,4.64
550,SEAS_3,6044.187168411529,0.0,4.66
550,SEAS_3,6095.342681909185,0.0,4.68
550,SEAS_3,6144.826745913651,0.0,4.7
550,SEAS_3,6195.70981655322,0.0,4.72
550,SEAS_3,6248.106071854205,0.0,4.74
550,SEAS_3,6299.310856469044,0.0,4.76
550,SEAS_3,6348.143055278428,0.0,4.78
550,SEAS_3,6398.290133303122,0.0,4.8
1064,SEAS_3,319.40885411379355,0.0,1.0
1064,SEAS_3,331.8563279085554,0.0,1.02
1064,SEAS_3,344.3461356603537,0.0,1.04
1064,SEAS_3,357.32769683634945,0.0,1.06
1064,SEAS_3,370.75421360834025,0.0,1.08
1064,SEAS_3,384.802757706643,0.0,1.1
1064,SEAS_3,399.1424753229173,0.0,1.12
1064,SEAS_3,413.15773017842434,0.0,1.14
1064,SEAS_3,427.4541850139651,0.0,1.16
1064,SEAS_3,442.21729001602114,0.0,1.18
1064,SEAS_3,457.62253789077073,0.0,1.2
1064,SEAS_3,473.54274323678993,0.0,1.22
1064,SEAS_3,489.1039441789678,0.0,1.24
1064,SEAS_3,504.529623912673,0.0,1.26
1064,SEAS_3,520.5398118402284,0.0,1.28
1064,SEAS_3,537.0786174869008,0.0,1.3
1064,SEAS_3,553.9137319274153,0.0,1.32
1064,SEAS_3,570.813801041518,0.0,1.34
1064,SEAS_3,586.963258066889,0.0,1.36
1064,SEAS_3,603.7443721460766,0.0,1.38
1064,SEAS_3,620.9532894346161,0.0,1.4
1064,SEAS_3,638.1804598595803,0.0,1.42
1064,SEAS_3,655.4235519319308,0.0,1.44
1064,SEAS_3,672.1684281551314,0.0,1.46
1064,SEAS_3,689.0631804654607,0.0,1.48
1064,SEAS_3,706.2147473449204,0.0,1.5
1064,SEAS_3,723.9049674624528,0.0,1.52
1064,SEAS_3,741.035726741861,0.0,1.54
1064,SEAS_3,757.7769669108101,0.0,1.56
1064,SEAS_3,774.7392915669509,0.0,1.58
1064,SEAS_3,792.1949917646083,0.0,1.6
1064,SEAS_3,809.9532481932072,0.0,1.62
1064,SEAS_3,827.1265541691805,0.0,1.64
1064,SEAS_3,844.6740197542648,0.0,1.66
1064,SEAS_3,861.7964832436555,0.0,1.68
1064,SEAS_3,879.519893353565,0.0,1.7
1064,SEAS_3,898.4890249864083,0.0,1.72
1064,SEAS_3,915.8495572729896,0.0,1.74
1064,SEAS_3,934.0315644197738,0.0,1.76
1064,SEAS_3,951.5326415571956,0.0,1.78
1064,SEAS_3,970.6429313753579,0.0,1.8
1064,SEAS_3,989.7697852994352,0.0,1.82
1064,SEAS_3,1007.69695445955,0.0,1.84
1064,SEAS_3,1026.7105332732722,0.0,1.86
1064,SEAS_3,1045.3282192035401,0.0,1.88
1064,SEAS_3,1065.0642164663013,0.0,1.9
1064,SEAS_3,1084.8047875360776,0.0,1.92
1064,SEAS_3,1104.430732405081,0.0,1.94
1064,SEAS_3,1124.8014093397805,0.0,1.96
1064,SEAS_3,1145.4661054034373,0.0,1.98
1064,SEAS_3,1167.4183737998183,0.0,2.0
1064,SEAS_3,1189.4490004851273,0.0,2.02
1064,SEAS_3,1211.4221025766678,0.0,2.04
1064,SEAS_3,1233.6779821705504,0.0,2.06
1064,SEAS_3,1256.8939046878077,0.0,2.08
1064,SEAS_3,1281.9407967152813,0.0,2.1
1064,SEAS_3,1306.61839855386,0.0,2.12
1064,SEAS_3,1331.447364102218,0.0,2.14
1064,SEAS_3,1356.1646170796093,0.0,2.16
1064,SEAS_3,1381.9586512857863,0.0,2.18
1064,SEAS_3,1409.4560969517706,0.0,2.2
1064,SEAS_3,1436.0187636804249,0.0,2.22
1064,SEAS_3,1462.6290683691755,0.0,2.24
1064,SEAS_3,1489.7564426282402,0.0,2.26
1064,SEAS_3,1517.5878180001923,0.0,2.28
1064,SEAS_3,1547.0051718121688,0.0,2.3
1064,SEAS_3,1574.8647833277867,0.0,2.32
1064,SEAS_3,1604.2687191354444,0.0,2.34
1064,SEAS_3,1632.664914786304,0.0,2.36
1064,SEAS_3,1663.7039266542909,0.0,2.38
1064,SEAS_3,1693.6844872284275,0.0,2.4
1064,SEAS_3,1724.4001613296105,0.0,2.42
1064,SEAS_3,1754.573637516342,0.0,2.44
1064,SEAS_3,1785.1015054700983,0.0,2.46
1064,SEAS_3,1816.9414837523634,0.0,2.48
1064,SEAS_3,1847.8411758750476,0.0,2.5
1064,SEAS_3,1879.2640833665823,0.0,2.52
1064,SEAS_3,1908.424908882763,0.0,2.54
1064,SEAS_3,1939.8835320899718,0.0,2.56
1064,SEAS_3,1971.6023409429533,0.0,2.58
1064,SEAS_3,2001.9988580736435,0.0,2.6
1064,SEAS_3,2032.4494985505912,0.0,2.62
1064,SEAS_3,2062.197315706423,0.0,2.64
1064,SEAS_3,2092.6259419597027,0.0,2.66
1064,SEAS_3,2122.6392923519415,0.0,2.68
1064,SEAS_3,2153.156776802535,0.0,2.7
1064,SEAS_3,2182.408362243795,0.0,2.72
1064,SEAS_3,2212.511962621432,0.0,2.74
1064,SEAS_3,2243.253584204409,0.0,2.76
1064,SEAS_3,2273.255295909637,0.0,2.78
1064,SEAS_3,2303.92451822982,0.0,2.8
1064,SEAS_3,2333.133263498274,0.0,2.82
1064,SEAS_3,2363.4148795455844,0.0,2.84
1064,SEAS_3,2392.8580635874882,0.0,2.86
1064,SEAS_3,2423.3217620169085,0.0,2.88
1064,SEAS_3,2452.9172026779897,0.0,2.9
1064,SEAS_3,2481.5558399550923,0.0,2.92
1064,SEAS_3,2512.6463045551736,0.0,2.94
1064,SEAS_3,2542.750121443956,0.0,2.96
1064,SEAS_3,2573.240116452983,0.0,2.98
1064,SEAS_3,2601.8605607365953,0.0,3.0
1064,SEAS_3,2633.585846678962,0.0,3.02
1064,SEAS_3,2665.225697802456,0.0,3.04
1064,SEAS_3,2697.5681361102943,0.0,3.06
1064,SEAS_3,2729.66233649051,0.0,3.08
1064,SEAS_3,2761.849082892965,0.0,3.1
1064,SEAS_3,2795.4139126341465,0.0,3.12
1064,SEAS_3,2828.7004772812943,0.0,3.14
1064,SEAS_3,2863.187666201107,0.0,3.16
1064,SEAS_3,2896.5742432077996,0.0,3.18
1064,SEAS_3,2933.4844044078063,0.0,3.2
1064,SEAS_3,2969.183134973676,0.0,3.22
1064,SEAS_3,3006.0297388606186,0.0,3.24
1064,SEAS_3,3042.0626932892847,0.0,3.26
1064,SEAS_3,3079.7520117880586,0.0,3.28
1064,SEAS_3,3116.449559725368,0.0,3.3
1064,SEAS_3,3155.163194895158,0.0,3.32
1064,SEAS_3,3194.0070202266,0.0,3.34
1064,SEAS_3,3233.763683441014,0.0,3.36
1064,SEAS_3,3272.0213003039953,0.0,3.38
1064,SEAS_3,3313.821764003562,0.0,3.4
1064,SEAS_3,3353.5266633690826,0.0,3.42
1064,SEAS_3,3396.1211951970663,0.0,3.44
1064,SEAS_3,3438.3665615521445,0.0,3.46
1064,SEAS_3,3479.5291481371087,0.0,3.48
1064,SEAS_3,3523.016757590277,0.0,3.5
1064,SEAS_3,3565.3046755540245,0.0,3.52
1064,SEAS_3,3609.4311537552258,0.0,3.54
1064,SEAS_3,3652.364394609098,0.0,3.56
1064,SEAS_3,3692.9732249520903,0.0,3.58
1064,SEAS_3,3735.9030212250377,0.0,3.6
1064,SEAS_3,3781.0606509595555,0.0,3.62
1064,SEAS_3,3823.910296884643,0.0,3.64
1064,SEAS_3,3864.866047446486,0.0,3.66
1064,SEAS_3,3908.435097305897,0.0,3.68
1064,SEAS_3,3951.3735866574925,0.0,3.7
1064,SEAS_3,3995.810054161092,0.0,3.72
1064,SEAS_3,4037.806982703845,0.0,3.74
1064,SEAS_3,4078.4422692361823,0.0,3.76
1064,SEAS_3,4122.556798898231,0.0,3.78
1064,SEAS_3,4165.139524607004,0.0,3.8
1064,SEAS_3,4209.098046717829,0.0,3.82
1064,SEAS_3,4251.911379520081,0.0,3.84
1064,SEAS_3,4292.775245423743,0.0,3.86
1064,SEAS_3,4333.517240256717,0.0,3.88
1064,SEAS_3,4378.429323388174,0.0,3.9
1064,SEAS_3,4417.916950206183,0.0,3.92
1064,SEAS_3,4458.829983242978,0.0,3.94
1064,SEAS_3,4499.577168991711,0.0,3.96
1064,SEAS_3,4541.526915064602,0.0,3.98
1064,SEAS_3,4584.235274796301,0.0,4.0
1064,SEAS_3,4625.964710426464,0.0,4.02
1064,SEAS_3,4668.925230380624,0.0,4.04
1064,SEAS_3,4710.118732289251,0.0,4.06
1064,SEAS_3,4751.813168473636,0.0,4.08
1064,SEAS_3,4795.119934838156,0.0,4.1
1064,SEAS_3,4838.024348344946,0.0,4.12
1064,SEAS_3,4881.076048772498,0.0,4.14
1064,SEAS_3,4924.871296141624,0.0,4.16
1064,SEAS_3,4969.2424496958665,0.0,4.18
1064,SEAS_3,5014.2874142435,0.0,4.2
1064,SEAS_3,5060.362870429746,0.0,4.22
1064,SEAS_3,5104.54346140334,0.0,4.24
1064,SEAS_3,5150.153457359169,0.0,4.26
1064,SEAS_3,5196.975571169909,0.0,4.28
1064,SEAS_3,5242.133131091748,0.0,4.3
1064,SEAS_3,5289.511842421069,0.0,4.32
1064,SEAS_3,5336.187372041167,0.0,4.34
1064,SEAS_3,5384.775089933808,0.0,4.36
1064,SEAS_3,5436.14783885298,0.0,4.38
1064,SEAS_3,5484.944336309731,0.0,4.4
1064,SEAS_3,5535.32980241501,0.0,4.42
1064,SEAS_3,5586.95739082985,0.0,4.44
1064,SEAS_3,5639.561083667261,0.0,4.46
1064,SEAS_3,5690.830749903826,0.0,4.48
1064,SEAS_3,5742.6271111369415,0.0,4.5
1064,SEAS_3,5796.037622436822,0.0,4.52
1064,SEAS_3,5848.702279511357,0.0,4.54
1064,SEAS_3,5903.741812183349,0.0,4.56
1064,SEAS_3,5958.801601087227,0.0,4.58
1064,SEAS_3,6011.101739708752,0.0,4.6
1064,SEAS_3,6064.482446785441,0.0,4.62
1064,SEAS_3,6119.803952824949,0.0,4.64
1064,SEAS_3,6175.584805275908,0.0,4.66
1064,SEAS_3,6230.688979834369,0.0,4.68
1064,SEAS_3,6283.389892812499,0.0,4.7
1064,SEAS_3,6339.938511220074,0.0,4.72
1064,SEAS_3,6394.990427254161,0.0,4.74
1064,SEAS_3,6452.841043435554,0.0,4.76
1064,SEAS_3,6505.5083721927695,0.0,4.78
1064,SEAS_3,6561.138170211421,0.0,4.8
355,SEAS_4,100.55268961057337,0.0,1.0
355,SEAS_4,104.56319409334252,0.0,1.02
355,SEAS_4,108.67671381377137,0.0,1.04
355,SEAS_4,112.89009212158902,0.0,1.06
355,SEAS_4,117.14641650297723,0.0,1.08
355,SEAS_4,121.49058325687693,0.0,1.1
355,SEAS_4,125.87959631322677,0.0,1.12
355,SEAS_4,130.3601523260699,0.0,1.14
355,SEAS_4,134.90446473289583,0.0,1.16
355,SEAS_4,139.50153672020272,0.0,1.18
355,SEAS_4,144.15827452190564,0.0,1.2
355,SEAS_4,148.87757802073895,0.0,1.22
355,SEAS_4,153.7837764786649,0.0,1.24
355,SEAS_4,158.6843858442745,0.0,1.26
355,SEAS_4,163.7651005322549,0.0,1.28
355,SEAS_4,168.9351097423072,0.0,1.3
355,SEAS_4,174.19680260796594,0.0,1.32
355,SEAS_4,179.45873133712632,0.0,1.34
355,SEAS_4,184.8087898773574,0.0,1.36
355,SEAS_4,190.06299431542507,0.0,1.38
355,SEAS_4,195.49291355738285,0.0,1.4
355,SEAS_4,201.0711112619469,0.0,1.42
355,SEAS_4,206.71095438518597,0.0,1.44
355,SEAS_4,212.56991976539842,0.0,1.46
355,SEAS_4,218.42929917014905,0.0,1.48
355,SEAS_4,224.33765833413216,0.0,1.5
355,SEAS_4,230.2421784083436,0.0,1.52
355,SEAS_4,236.19625718414073,0.0,1.54
355,SEAS_4,242.26690090395533,0.0,1.56
355,SEAS_4,248.4617519033717,0.0,1.58
355,SEAS_4,254.81933030171797,0.0,1.6
355,SEAS_4,261.254611794477,0.0,1.62
355,SEAS_4,267.68192469075615,0.0,1.64
355,SEAS_4,274.0456822002972,0.0,1.66
355,SEAS_4,280.5579700146021,0.0,1.68
355,SEAS_4,287.2639031486292,0.0,1.7
355,SEAS_4,294.0749782885484,0.0,1.72
355,SEAS_4,300.9031234951591,0.0,1.74
355,SEAS_4,307.85229186410737,0.0,1.76
355,SEAS_4,314.79820846569623,0.0,1.78
355,SEAS_4,321.6896787808836,0.0,1.8
355,SEAS_4,328.7357225394844,0.0,1.82
355,SEAS_4,336.01631543759635,0.0,1.84
355,SEAS_4,343.50232484760386,0.0,1.86
355,SEAS_4,350.8462609968714,0.0,1.88
355,SEAS_4,358.22424877506234,0.0,1.9
355,SEAS_4,365.6077247129178,0.0,1.92
355,SEAS_4,373.2482380115756,0.0,1.94
355,SEAS_4,380.95798402460514,0.0,1.96
355,SEAS_4,388.83482135368575,0.0,1.98
355,SEAS_4,396.7097294229809,0.0,2.0
355,SEAS_4,404.4543854989814,0.0,2.02
355,SEAS_4,412.2878695922923,0.0,2.04
355,SEAS_4,420.2770211033387,0.0,2.06
355,SEAS_4,428.67150735085806,0.0,2.08
355,SEAS_4,436.8666769556989,0.0,2.1
355,SEAS_4,445.2794066914215,0.0,2.12
355,SEAS_4,453.4645526422689,0.0,2.14
355,SEAS_4,461.90766809493675,0.0,2.16
355,SEAS_4,470.3477260540192,0.0,2.18
355,SEAS_4,479.07619333006625,0.0,2.2
355,SEAS_4,487.75561443916604,0.0,2.22
355,SEAS_4,496.63738185786247,0.0,2.24
355,SEAS_4,505.3215618895262,0.0,2.26
355,SEAS_4,514.1909133865668,0.0,2.28
355,SEAS_4,523.2053467407061,0.0,2.3
355,SEAS_4,532.3265203353072,0.0,2.32
355,SEAS_4,541.592698077594,0.0,2.34
355,SEAS_4,550.7612431736565,0.0,2.36
355,SEAS_4,559.9334852666668,0.0,2.38
355,SEAS_4,569.3301835362147,0.0,2.4
355,SEAS_4,578.8224259127617,0.0,2.42
355,SEAS_4,588.4495124497637,0.0,2.44
355,SEAS_4,598.0435281730086,0.0,2.46
355,SEAS_4,607.6026033092407,0.0,2.48
355,SEAS_4,617.3812921437692,0.0,2.5
355,SEAS_4,627.1294954179245,0.0,2.52
355,SEAS_4,637.2536210584828,0.0,2.54
355,SEAS_4,647.3092181610543,0.0,2.56
355,SEAS_4,657.4048439863046,0.0,2.58
355,SEAS_4,667.3376178313747,0.0,2.6
355,SEAS_4,677.6247406379042,0.0,2.62
355,SEAS_4,687.9480153859668,0.0,2.64
355,SEAS_4,698.5404522029462,0.0,2.66
355,SEAS_4,709.0128655223862,0.0,2.68
355,SEAS_4,719.4320160140799,0.0,2.7
355,SEAS_4,729.8742770994332,0.0,2.72
355,SEAS_4,740.7040185500897,0.0,2.74
355,SEAS_4,751.5544209959821,0.0,2.76
355,SEAS_4,762.5433161664272,0.0,2.78
355,SEAS_4,773.385960276808,0.0,2.8
355,SEAS_4,784.2171642622287,0.0,2.82
355,SEAS_4,795.3228053792839,0.0,2.84
355,SEAS_4,806.519184604061,0.0,2.86
355,SEAS_4,817.9549276810251,0.0,2.88
355,SEAS_4,829.2869026204039,0.0,2.9
355,SEAS_4,840.5643519245153,0.0,2.92
355,SEAS_4,852.0158480194043,0.0,2.94
355,SEAS_4,863.5026670532045,0.0,2.96
355,SEAS_4,875.236444590076,0.0,2.98
355,SEAS_4,887.0709474934254,0.0,3.0
355,SEAS_4,898.6535738939606,0.0,3.02
355,SEAS_4,910.545307462635,0.0,3.04
355,SEAS_4,922.3958382736052,0.0,3.06
355,SEAS_4,934.4830598146817,0.0,3.08
355,SEAS_4,946.7558281670736,0.0,3.1
355,SEAS_4,958.8853864365278,0.0,3.12
355,SEAS_4,970.920107596628,0.0,3.14
355,SEAS_4,983.2993164231351,0.0,3.16
355,SEAS_4,995.7365537776782,0.0,3.18
355,SEAS_4,1008.4078272209542,0.0,3.2
355,SEAS_4,1021.0501791035977,0.0,3.22
355,SEAS_4,1033.4483796375357,0.0,3.24
355,SEAS_4,1046.1355480747784,0.0,3.26
355,SEAS_4,1059.0277430929946,0.0,3.28
355,SEAS_4,1071.98128498789,0.0,3.3
355,SEAS_4,1085.0436772734884,0.0,3.32
355,SEAS_4,1097.9255510819103,0.0,3.34
355,SEAS_4,1110.954519102696,0.0,3.36
355,SEAS_4,1124.080262319856,0.0,3.38
355,SEAS_4,1137.4800594184512,0.0,3.4
355,SEAS_4,1150.9119455185112,0.0,3.42
355,SEAS_4,1164.2701844770352,0.0,3.44
355,SEAS_4,1177.6267450117398,0.0,3.46
355,SEAS_4,1191.2036360893567,0.0,3.48
355,SEAS_4,1204.984277003519,0.0,3.5
355,SEAS_4,1218.8117092378222,0.0,3.52
355,SEAS_4,1232.4693651484695,0.0,3.54
355,SEAS_4,1246.2616080514786,0.0,3.56
355,SEAS_4,1260.221616938383,0.0,3.58
355,SEAS_4,1274.248725344005,0.0,3.6
355,SEAS_4,1288.443520096081,0.0,3.62
355,SEAS_4,1302.846671781577,0.0,3.64
355,SEAS_4,1317.0443604180568,0.0,3.66
355,SEAS_4,1331.1857832228811,0.0,3.68
355,SEAS_4,1345.6197265126816,0.0,3.7
355,SEAS_4,1360.1931006248317,0.0,3.72
355,SEAS_4,1374.9494591665557,0.0,3.74
355,SEAS_4,1389.4974078235387,0.0,3.76
355,SEAS_4,1404.123463370203,0.0,3.78
355,SEAS_4,1418.9688885239905,0.0,3.8
355,SEAS_4,1433.8667674514472,0.0,3.82
355,SEAS_4,1449.0446901914636,0.0,3.84
355,SEAS_4,1464.0078181586732,0.0,3.86
355,SEAS_4,1479.0910370832512,0.0,3.88
355,SEAS_4,1494.2391471094809,0.0,3.9
355,SEAS_4,1509.534779790248,0.0,3.92
355,SEAS_4,1525.0929450599929,0.0,3.94
355,SEAS_4,1540.4295355862578,0.0,3.96
355,SEAS_4,1555.9175745827774,0.0,3.98
355,SEAS_4,1571.287655872022,0.0,4.0
355,SEAS_4,1586.9709337179943,0.0,4.02
355,SEAS_4,1603.0690187870384,0.0,4.04
355,SEAS_4,1618.830387758552,0.0,4.06
355,SEAS_4,1634.6784418157256,0.0,4.08
355,SEAS_4,1650.4986787634791,0.0,4.1
355,SEAS_4,1666.6057852426661,0.0,4.12
355,SEAS_4,1682.81791201313,0.0,4.14
355,SEAS_4,1699.2633661220066,0.0,4.16
355,SEAS_4,1715.1947439471187,0.0,4.18
355,SEAS_4,1731.5068845284732,0.0,4.2
355,SEAS_4,1748.1848618606355,0.0,4.22
355,SEAS_4,1764.5703110172105,0.0,4.24
355,SEAS_4,1781.4057924947538,0.0,4.26
355,SEAS_4,1797.8875021761992,0.0,4.28
355,SEAS_4,1814.575933244695,0.0,4.3
355,SEAS_4,1831.5228461535974,0.0,4.32
355,SEAS_4,1848.2362530449805,0.0,4.34
355,SEAS_4,1865.525431706119,0.0,4.36
355,SEAS_4,1882.7185847054398,0.0,4.38
355,SEAS_4,1899.7633437646973,0.0,4.4
355,SEAS_4,1916.6880305016791,0.0,4.42
355,SEAS_4,1933.8429502293836,0.0,4.44
355,SEAS_4,1951.7402060008462,0.0,4.46
355,SEAS_4,1969.0954927703838,0.0,4.48
355,SEAS_4,1986.5386560346221,0.0,4.5
355,SEAS_4,2004.0065322281566,0.0,4.52
355,SEAS_4,2021.4946325225312,0.0,4.54
355,SEAS_4,2039.590947949267,0.0,4.56
355,SEAS_4,2057.4970798351947,0.0,4.58
355,SEAS_4,2075.318768580272,0.0,4.6
355,SEAS_4,2093.3148084413833,0.0,4.62
355,SEAS_4,2111.2596696333644,0.0,4.64
355,SEAS_4,2129.432409832487,0.0,4.66
355,SEAS_4,2147.9152479479944,0.0,4.68
355,SEAS_4,2166.104813465559,0.0,4.7
355,SEAS_4,2184.2297521182963,0.0,4.72
355,SEAS_4,2202.6433100739728,0.0,4.74
355,SEAS_4,2221.2362454165655,0.0,4.76
355,SEAS_4,2240.0968232529776,0.0,4.78
355,SEAS_4,2258.74065379706,0.0,4.8
500,SEAS_4,101.44341243423088,0.0,1.0
500,SEAS_4,105.46657613169063,0.0,1.02
500,SEAS_4,109.59627904459548,0.0,1.04
500,SEAS_4,113.81262505853371,0.0,1.06
500,SEAS_4,118.09488881064101,0.0,1.08
500,SEAS_4,122.4440836689968,0.0,1.1
500,SEAS_4,126.87840125715195,0.0,1.12
500,SEAS_4,131.35691977484015,0.0,1.14
500,SEAS_4,136.02136348389985,0.0,1.16
500,SEAS_4,140.74900488044207,0.0,1.18
500,SEAS_4,145.48980906955865,0.0,1.2
500,SEAS_4,150.43420133604238,0.0,1.22
500,SEAS_4,155.39275366079,0.0,1.24
500,SEAS_4,160.33268853421075,0.0,1.26
500,SEAS_4,165.38551024128935,0.0,1.28
500,SEAS_4,170.44598929585783,0.0,1.3
500,SEAS_4,175.53057417452067,0.0,1.32
500,SEAS_4,180.77685467894435,0.0,1.34
500,SEAS_4,186.12586581884813,0.0,1.36
500,SEAS_4,191.49040249736282,0.0,1.38
500,SEAS_4,197.01221708710872,0.0,1.4
500,SEAS_4,202.6289103911265,0.0,1.42
500,SEAS_4,208.41907787951806,0.0,1.44
500,SEAS_4,214.32516206138354,0.0,1.46
500,SEAS_4,220.2542491724465,0.0,1.48
500,SEAS_4,226.14685706626472,0.0,1.5
500,SEAS_4,232.12943231264,0.0,1.52
500,SEAS_4,238.01938468210446,0.0,1.54
500,SEAS_4,244.09870068746807,0.0,1.56
500,SEAS_4,250.15620541413335,0.0,1.58
500,SEAS_4,256.55577238033703,0.0,1.6
500,SEAS_4,262.939663193784,0.0,1.62
500,SEAS_4,269.4222319797609,0.0,1.64
500,SEAS_4,276.10764018598974,0.0,1.66
500,SEAS_4,282.8902341684287,0.0,1.68
500,SEAS_4,289.6405683249151,0.0,1.7
500,SEAS_4,296.3238975124875,0.0,1.72
500,SEAS_4,302.9592989421284,0.0,1.74
500,SEAS_4,309.7480494249086,0.0,1.76
500,SEAS_4,316.83224122455283,0.0,1.78
500,SEAS_4,323.7356213038995,0.0,1.8
500,SEAS_4,331.04464152140633,0.0,1.82
500,SEAS_4,338.32266551864745,0.0,1.84
500,SEAS_4,345.91214707560687,0.0,1.86
500,SEAS_4,353.38729480577035,0.0,1.88
500,SEAS_4,360.6746571469179,0.0,1.9
500,SEAS_4,368.0390807839509,0.0,1.92
500,SEAS_4,375.57937016700635,0.0,1.94
500,SEAS_4,383.2990021465302,0.0,1.96
500,SEAS_4,391.089432880915,0.0,1.98
500,SEAS_4,398.94062630910264,0.0,2.0
500,SEAS_4,406.97145858922465,0.0,2.02
500,SEAS_4,415.35650583366487,0.0,2.04
500,SEAS_4,423.4195636186101,0.0,2.06
500,SEAS_4,431.40206868542407,0.0,2.08
500,SEAS_4,439.47515428756196,0.0,2.1
500,SEAS_4,447.7362159685674,0.0,2.12
500,SEAS_4,455.9828788941303,0.0,2.14
500,SEAS_4,464.6630042771359,0.0,2.16
500,SEAS_4,473.3667317204188,0.0,2.18
500,SEAS_4,482.25268751717493,0.0,2.2
500,SEAS_4,490.96107358180075,0.0,2.22
500,SEAS_4,499.6989265867512,0.0,2.24
500,SEAS_4,508.1606289665728,0.0,2.26
500,SEAS_4,517.0748639839453,0.0,2.28
500,SEAS_4,526.1297503509184,0.0,2.3
500,SEAS_4,535.2983160505111,0.0,2.32
500,SEAS_4,544.588117249244,0.0,2.34
500,SEAS_4,554.0486430801634,0.0,2.36
500,SEAS_4,563.5161714586061,0.0,2.38
500,SEAS_4,572.7094805799909,0.0,2.4
500,SEAS_4,582.0352229559519,0.0,2.42
500,SEAS_4,591.6315987457642,0.0,2.44
500,SEAS_4,601.1529784900912,0.0,2.46
500,SEAS_4,610.8819862077165,0.0,2.48
500,SEAS_4,620.9472578784514,0.0,2.5
500,SEAS_4,630.8796935135574,0.0,2.52
500,SEAS_4,640.885879256753,0.0,2.54
500,SEAS_4,650.9331296492744,0.0,2.56
500,SEAS_4,660.6812146272589,0.0,2.58
500,SEAS_4,670.8829767976296,0.0,2.6
500,SEAS_4,681.1023377661362,0.0,2.62
500,SEAS_4,691.464591984992,0.0,2.64
500,SEAS_4,702.1367083968333,0.0,2.66
500,SEAS_4,712.7644266241377,0.0,2.68
500,SEAS_4,723.5926972716002,0.0,2.7
500,SEAS_4,733.9838653263347,0.0,2.72
500,SEAS_4,744.5711723998143,0.0,2.74
500,SEAS_4,755.3859934174374,0.0,2.76
500,SEAS_4,766.1368564563672,0.0,2.78
500,SEAS_4,777.0787102783651,0.0,2.8
500,SEAS_4,788.2446769380992,0.0,2.82
500,SEAS_4,799.5436335092854,0.0,2.84
500,SEAS_4,810.8160207056933,0.0,2.86
500,SEAS_4,822.0051058361155,0.0,2.88
500,SEAS_4,833.2297855414399,0.0,2.9
500,SEAS_4,844.6758876551319,0.0,2.92
500,SEAS_4,856.1523061075085,0.0,2.94
500,SEAS_4,867.7131818795424,0.0,2.96
500,SEAS_4,879.555271303376,0.0,2.98
500,SEAS_4,891.488761623608,0.0,3.0
500,SEAS_4,903.5538849409827,0.0,3.02
500,SEAS_4,914.9924386723435,0.0,3.04
500,SEAS_4,926.7800975328738,0.0,3.06
500,SEAS_4,938.9672526667625,0.0,3.08
500,SEAS_4,950.9015541757468,0.0,3.1
500,SEAS_4,963.3257821706356,0.0,3.12
500,SEAS_4,975.8746438575071,0.0,3.14
500,SEAS_4,988.3070290108856,0.0,3.16
500,SEAS_4,1000.759900526946,0.0,3.18
500,SEAS_4,1013.0125121261584,0.0,3.2
500,SEAS_4,1025.4241355829386,0.0,3.22
500,SEAS_4,1038.1576988686938,0.0,3.24
500,SEAS_4,1050.9231532464955,0.0,3.26
500,SEAS_4,1063.8541439772935,0.0,3.28
500,SEAS_4,1077.033644597511,0.0,3.3
500,SEAS_4,1090.1236982315618,0.0,3.32
500,SEAS_4,1103.024877078095,0.0,3.34
500,SEAS_4,1116.116726102018,0.0,3.36
500,SEAS_4,1129.1122901106964,0.0,3.38
500,SEAS_4,1142.432212927257,0.0,3.4
500,SEAS_4,1155.7829825836827,0.0,3.42
500,SEAS_4,1169.4147648004882,0.0,3.44
500,SEAS_4,1183.385187478159,0.0,3.46
500,SEAS_4,1196.930336639437,0.0,3.48
500,SEAS_4,1210.4116881411246,0.0,3.5
500,SEAS_4,1224.000539768713,0.0,3.52
500,SEAS_4,1237.7201112578396,0.0,3.54
500,SEAS_4,1251.7282498339932,0.0,3.56
500,SEAS_4,1265.8028139623657,0.0,3.58
500,SEAS_4,1280.0909999697562,0.0,3.6
500,SEAS_4,1294.3826896081846,0.0,3.62
500,SEAS_4,1308.5725968862005,0.0,3.64
500,SEAS_4,1322.6763190232705,0.0,3.66
500,SEAS_4,1336.8769524377676,0.0,3.68
500,SEAS_4,1351.3206942276067,0.0,3.7
500,SEAS_4,1365.8670795939233,0.0,3.72
500,SEAS_4,1380.630856352444,0.0,3.74
500,SEAS_4,1395.609286261014,0.0,3.76
500,SEAS_4,1410.467893847765,0.0,3.78
500,SEAS_4,1425.0908773288288,0.0,3.8
500,SEAS_4,1439.8984945279315,0.0,3.82
500,SEAS_4,1454.6627223062235,0.0,3.84
500,SEAS_4,1469.7903030755983,0.0,3.86
500,SEAS_4,1485.1472538474718,0.0,3.88
500,SEAS_4,1500.4871052004373,0.0,3.9
500,SEAS_4,1516.1860988742046,0.0,3.92
500,SEAS_4,1531.5000873473573,0.0,3.94
500,SEAS_4,1546.6222435782117,0.0,3.96
500,SEAS_4,1562.1303497006763,0.0,3.98
500,SEAS_4,1577.820004256235,0.0,4.0
500,SEAS_4,1593.4238750042045,0.0,4.02
500,SEAS_4,1609.2958862881414,0.0,4.04
500,SEAS_4,1625.32694087995,0.0,4.06
500,SEAS_4,1641.481925531257,0.0,4.08
500,SEAS_4,1657.2476359937718,0.0,4.1
500,SEAS_4,1673.25677016862,0.0,4.12
500,SEAS_4,1689.2225942604161,0.0,4.14
500,SEAS_4,1705.5038910392855,0.0,4.16
500,SEAS_4,1721.9498384941887,0.0,4.18
500,SEAS_4,1738.7903216683858,0.0,4.2
500,SEAS_4,1755.2862798606309,0.0,4.22
500,SEAS_4,1771.7751226269074,0.0,4.24
500,SEAS_4,1788.265152043465,0.0,4.26
500,SEAS_4,1804.868656136742,0.0,4.28
500,SEAS_4,1821.3888654489792,0.0,4.3
500,SEAS_4,1838.4317141751008,0.0,4.32
500,SEAS_4,1855.5174796810422,0.0,4.34
500,SEAS_4,1872.5191544674376,0.0,4.36
500,SEAS_4,1889.9561825100332,0.0,4.38
500,SEAS_4,1907.122629881371,0.0,4.4
500,SEAS_4,1924.0288271690265,0.0,4.42
500,SEAS_4,1941.2388174517419,0.0,4.44
500,SEAS_4,1958.6563543314783,0.0,4.46
500,SEAS_4,1976.3630087084448,0.0,4.48
500,SEAS_4,1994.122743739647,0.0,4.5
500,SEAS_4,2011.8044740060234,0.0,4.52
500,SEAS_4,2029.5658780308233,0.0,4.54
500,SEAS_4,2047.5028358549619,0.0,4.56
500,SEAS_4,2064.944637835489,0.0,4.58
500,SEAS_4,2082.9776892675427,0.0,4.6
500,SEAS_4,2100.7729458193767,0.0,4.62
500,SEAS_4,2119.1618307663543,0.0,4.64
500,SEAS_4,2137.299154925888,0.0,4.66
500,SEAS_4,2155.9805308067403,0.0,4.68
500,SEAS_4,2174.208850641623,0.0,4.7
500,SEAS_4,2192.3670963492714,0.0,4.72
500,SEAS_4,2210.6911784871836,0.0,4.74
500,SEAS_4,2229.3918362891113,0.0,4.76
500,SEAS_4,2248.058193901791,0.0,4.78
500,SEAS_4,2266.9689522989183,0.0,4.8
532,SEAS_4,101.90496562125746,0.0,1.0
532,SEAS_4,105.9559240965655,0.0,1.02
532,SEAS_4,110.06011646918768,0.0,1.04
532,SEAS_4,114.27118171393994,0.0,1.06
532,SEAS_4,118.58613426426244,0.0,1.08
532,SEAS_4,122.98240299486062,0.0,1.1
532,SEAS_4,127.43615577031576,0.0,1.12
532,SEAS_4,131.96336465869297,0.0,1.14
532,SEAS_4,136.48630607280086,0.0,1.16
532,SEAS_4,141.10250940614387,0.0,1.18
532,SEAS_4,145.7471464115792,0.0,1.2
532,SEAS_4,150.5635848240704,0.0,1.22
532,SEAS_4,155.40441154552983,0.0,1.24
532,SEAS_4,160.28347672362716,0.0,1.26
532,SEAS_4,165.33317453947183,0.0,1.28
532,SEAS_4,170.44911229566196,0.0,1.3
532,SEAS_4,175.70997482351424,0.0,1.32
532,SEAS_4,181.00733681778277,0.0,1.34
532,SEAS_4,186.44778274205242,0.0,1.36
532,SEAS_4,192.0302296078092,0.0,1.38
532,SEAS_4,197.6741598221958,0.0,1.4
532,SEAS_4,203.3968237900388,0.0,1.42
532,SEAS_4,209.0713143384786,0.0,1.44
532,SEAS_4,214.78129652699425,0.0,1.46
532,SEAS_4,220.44238102995195,0.0,1.48
532,SEAS_4,226.18761284732983,0.0,1.5
532,SEAS_4,232.19326873274315,0.0,1.52
532,SEAS_4,238.11332070790343,0.0,1.54
532,SEAS_4,244.40912016270818,0.0,1.56
532,SEAS_4,250.62653715466635,0.0,1.58
532,SEAS_4,256.96670564290866,0.0,1.6
532,SEAS_4,263.60804413052506,0.0,1.62
532,SEAS_4,270.2358357840688,0.0,1.64
532,SEAS_4,276.7869928139529,0.0,1.66
532,SEAS_4,283.2745874897222,0.0,1.68
532,SEAS_4,289.79858248824553,0.0,1.7
532,SEAS_4,296.3973163777757,0.0,1.72
532,SEAS_4,303.140411645965,0.0,1.74
532,SEAS_4,310.1734948583828,0.0,1.76
532,SEAS_4,317.2394818506117,0.0,1.78
532,SEAS_4,324.3869843048966,0.0,1.8
532,SEAS_4,331.77856637336697,0.0,1.82
532,SEAS_4,339.1592231787241,0.0,1.84
532,SEAS_4,346.41219400267124,0.0,1.86
532,SEAS_4,353.77868763622985,0.0,1.88
532,SEAS_4,361.0142572074791,0.0,1.9
532,SEAS_4,368.4389992315389,0.0,1.92
532,SEAS_4,375.93482638108867,0.0,1.94
532,SEAS_4,383.6431332873801,0.0,1.96
532,SEAS_4,391.52894539702737,0.0,1.98
532,SEAS_4,399.6363043796436,0.0,2.0
532,SEAS_4,407.8480926149256,0.0,2.02
532,SEAS_4,415.90284832662235,0.0,2.04
532,SEAS_4,423.85756736455664,0.0,2.06
532,SEAS_4,431.69603569928233,0.0,2.08
532,SEAS_4,439.92663847174134,0.0,2.1
532,SEAS_4,448.2942318673731,0.0,2.12
532,SEAS_4,456.6438810191618,0.0,2.14
532,SEAS_4,465.30044666113935,0.0,2.16
532,SEAS_4,473.99752461812784,0.0,2.18
532,SEAS_4,482.74913950215495,0.0,2.2
532,SEAS_4,491.6493476236719,0.0,2.22
532,SEAS_4,500.1847986738605,0.0,2.24
532,SEAS_4,508.9137224679122,0.0,2.26
532,SEAS_4,517.6837918511711,0.0,2.28
532,SEAS_4,526.6073166291762,0.0,2.3
532,SEAS_4,535.8066548114673,0.0,2.32
532,SEAS_4,545.1095338209328,0.0,2.34
532,SEAS_4,554.6084549170114,0.0,2.36
532,SEAS_4,564.131770857552,0.0,2.38
532,SEAS_4,573.5275123263245,0.0,2.4
532,SEAS_4,582.8419711826841,0.0,2.42
532,SEAS_4,592.228574956056,0.0,2.44
532,SEAS_4,601.9108902721896,0.0,2.46
532,SEAS_4,611.4954366241277,0.0,2.48
532,SEAS_4,621.4238861645736,0.0,2.5
532,SEAS_4,631.5449490153829,0.0,2.52
532,SEAS_4,641.8536715891757,0.0,2.54
532,SEAS_4,651.7974405814759,0.0,2.56
532,SEAS_4,661.9020173637198,0.0,2.58
532,SEAS_4,671.7116766509299,0.0,2.6
532,SEAS_4,681.9573458814772,0.0,2.62
532,SEAS_4,692.0537468606706,0.0,2.64
532,SEAS_4,702.5488694138218,0.0,2.66
532,SEAS_4,713.4291297792536,0.0,2.68
532,SEAS_4,724.1287160629925,0.0,2.7
532,SEAS_4,734.9981504625721,0.0,2.72
532,SEAS_4,745.5617480887786,0.0,2.74
532,SEAS_4,756.3020249815518,0.0,2.76
532,SEAS_4,767.0008742506697,0.0,2.78
532,SEAS_4,778.0216813616587,0.0,2.8
532,SEAS_4,789.1065436753236,0.0,2.82
532,SEAS_4,800.2971896009739,0.0,2.84
532,SEAS_4,811.728690049553,0.0,2.86
532,SEAS_4,823.2289685848887,0.0,2.88
532,SEAS_4,834.5442439515875,0.0,2.9
532,SEAS_4,845.7893651340376,0.0,2.92
532,SEAS_4,856.8705152788077,0.0,2.94
532,SEAS_4,868.5354323708854,0.0,2.96
532,SEAS_4,880.1014210362046,0.0,2.98
532,SEAS_4,892.1752410116612,0.0,3.0
532,SEAS_4,903.9913223183108,0.0,3.02
532,SEAS_4,916.1165164328526,0.0,3.04
532,SEAS_4,928.4360035169366,0.0,3.06
532,SEAS_4,940.1446169558651,0.0,3.08
532,SEAS_4,951.9976120541788,0.0,3.1
532,SEAS_4,964.3439003586911,0.0,3.12
532,SEAS_4,976.4066151796087,0.0,3.14
532,SEAS_4,989.0044334782192,0.0,3.16
532,SEAS_4,1001.3654681480073,0.0,3.18
532,SEAS_4,1014.4150251003157,0.0,3.2
532,SEAS_4,1026.9107367553925,0.0,3.22
532,SEAS_4,1039.6500922804255,0.0,3.24
532,SEAS_4,1052.0211188901367,0.0,3.26
532,SEAS_4,1064.6760495471672,0.0,3.28
532,SEAS_4,1077.8437336752722,0.0,3.3
532,SEAS_4,1090.6414907311637,0.0,3.32
532,SEAS_4,1103.8044890454253,0.0,3.34
532,SEAS_4,1117.2570093073564,0.0,3.36
532,SEAS_4,1130.771688318575,0.0,3.38
532,SEAS_4,1143.979332791961,0.0,3.4
532,SEAS_4,1157.2354363882218,0.0,3.42
532,SEAS_4,1170.2628480666372,0.0,3.44
532,SEAS_4,1183.7972830364554,0.0,3.46
532,SEAS_4,1197.3761353935838,0.0,3.48
532,SEAS_4,1211.37785218939,0.0,3.5
532,SEAS_4,1225.3684368795643,0.0,3.52
532,SEAS_4,1239.4100569300067,0.0,3.54
532,SEAS_4,1253.3097608171997,0.0,3.56
532,SEAS_4,1267.1385886157113,0.0,3.58
532,SEAS_4,1280.9362511180007,0.0,3.6
532,SEAS_4,1295.0690773596627,0.0,3.62
532,SEAS_4,1309.395096912608,0.0,3.64
532,SEAS_4,1323.7357135609277,0.0,3.66
532,SEAS_4,1338.2284811653044,0.0,3.68
532,SEAS_4,1352.9865388288038,0.0,3.7
532,SEAS_4,1367.5010071329316,0.0,3.72
532,SEAS_4,1382.093136884182,0.0,3.74
532,SEAS_4,1396.4846289170675,0.0,3.76
532,SEAS_4,1411.3088689343265,0.0,3.78
532,SEAS_4,1425.9131231924573,0.0,3.8
532,SEAS_4,1440.9676250705043,0.0,3.82
532,SEAS_4,1456.2399600367985,0.0,3.84
532,SEAS_4,1471.6841300160952,0.0,3.86
532,SEAS_4,1486.6596283987342,0.0,3.88
532,SEAS_4,1501.9757871461265,0.0,3.9
532,SEAS_4,1517.0436134206032,0.0,3.92
532,SEAS_4,1532.1192505517392,0.0,3.94
532,SEAS_4,1547.7610147748956,0.0,3.96
532,SEAS_4,1563.3928867790746,0.0,3.98
532,SEAS_4,1579.1150200547872,0.0,4.0
532,SEAS_4,1595.0935070169608,0.0,4.02
532,SEAS_4,1610.9985988838644,0.0,4.04
532,SEAS_4,1626.7809383147555,0.0,4.06
532,SEAS_4,1642.356615878986,0.0,4.08
532,SEAS_4,1658.4129702365142,0.0,4.1
532,SEAS_4,1674.2889227045152,0.0,4.12
532,SEAS_4,1690.7214351002096,0.0,4.14
532,SEAS_4,1707.049018413079,0.0,4.16
532,SEAS_4,1723.6739838083586,0.0,4.18
532,SEAS_4,1740.0940664658224,0.0,4.2
532,SEAS_4,1756.646942860296,0.0,4.22
532,SEAS_4,1773.0876099076836,0.0,4.24
532,SEAS_4,1789.272353205627,0.0,4.26
532,SEAS_4,1806.236147263857,0.0,4.28
532,SEAS_4,1823.0296263345763,0.0,4.3
532,SEAS_4,1840.0069779200783,0.0,4.32
532,SEAS_4,1857.367633496812,0.0,4.34
532,SEAS_4,1874.5241435684272,0.0,4.36
532,SEAS_4,1891.3014682975015,0.0,4.38
532,SEAS_4,1908.3536322457262,0.0,4.4
532,SEAS_4,1925.5555433552672,0.0,4.42
532,SEAS_4,1942.8459965568609,0.0,4.44
532,SEAS_4,1960.1184134732255,0.0,4.46
532,SEAS_4,1978.086265930068,0.0,4.48
532,SEAS_4,1995.910547622217,0.0,4.5
532,SEAS_4,2013.5649883991916,0.0,4.52
532,SEAS_4,2031.2331722753017,0.0,4.54
532,SEAS_4,2048.645700025397,0.0,4.56
532,SEAS_4,2066.4230427892417,0.0,4.58
532,SEAS_4,2084.615727955036,0.0,4.6
532,SEAS_4,2102.3812330642995,0.0,4.62
532,SEAS_4,2120.822401445588,0.0,4.64
532,SEAS_4,2139.310413017405,0.0,4.66
532,SEAS_4,2157.6579876044575,0.0,4.68
532,SEAS_4,2176.0241141207875,0.0,4.7
532,SEAS_4,2194.257475756165,0.0,4.72
532,SEAS_4,2212.425062484046,0.0,4.74
532,SEAS_4,2231.118520378567,0.0,4.76
532,SEAS_4,2249.6417064003176,0.0,4.78
532,SEAS_4,2268.5047002337064,0.0,4.8
550,SEAS_4,101.7751968685918,0.0,1.0
550,SEAS_4,105.81054947590732,0.0,1.02
550,SEAS_4,109.91046521271691,0.0,1.04
550,SEAS_4,114.12509705081531,0.0,1.06
550,SEAS_4,118.47993913958594,0.0,1.08
550,SEAS_4,122.81857284130419,0.0,1.1
550,SEAS_4,127.29405684465584,0.0,1.12
550,SEAS_4,131.82651814165615,0.0,1.14
550,SEAS_4,136.44156631630722,0.0,1.16
550,SEAS_4,141.21483328645823,0.0,1.18
550,SEAS_4,145.99042001994385,0.0,1.2
550,SEAS_4,150.93997569330537,0.0,1.22
550,SEAS_4,155.9119351202114,0.0,1.24
550,SEAS_4,160.8521342046347,0.0,1.26
550,SEAS_4,165.8487478510197,0.0,1.28
550,SEAS_4,170.92006393289287,0.0,1.3
550,SEAS_4,175.9902894627557,0.0,1.32
550,SEAS_4,181.20807321249367,0.0,1.34
550,SEAS_4,186.59350275800276,0.0,1.36
550,SEAS_4,192.02294300549855,0.0,1.38
550,SEAS_4,197.51263449415876,0.0,1.4
550,SEAS_4,203.17864415133207,0.0,1.42
550,SEAS_4,208.89507342082646,0.0,1.44
550,SEAS_4,214.72770558998107,0.0,1.46
550,SEAS_4,220.66143258209982,0.0,1.48
550,SEAS_4,226.7954625798081,0.0,1.5
550,SEAS_4,232.82892566874312,0.0,1.52
550,SEAS_4,238.81679988590327,0.0,1.54
550,SEAS_4,244.83591252294144,0.0,1.56
550,SEAS_4,250.94251145517077,0.0,1.58
550,SEAS_4,257.09121935882143,0.0,1.6
550,SEAS_4,263.42680789405176,0.0,1.62
550,SEAS_4,269.9462652478834,0.0,1.64
550,SEAS_4,276.5493333813157,0.0,1.66
550,SEAS_4,283.26767492074725,0.0,1.68
550,SEAS_4,290.1504189254449,0.0,1.7
550,SEAS_4,297.0081219925102,0.0,1.72
550,SEAS_4,303.9747198131753,0.0,1.74
550,SEAS_4,310.8406568997797,0.0,1.76
550,SEAS_4,317.52898830402745,0.0,1.78
550,SEAS_4,324.5855413821457,0.0,1.8
550,SEAS_4,331.61532792609955,0.0,1.82
550,SEAS_4,338.9451857126505,0.0,1.84
550,SEAS_4,346.1777255841089,0.0,1.86
550,SEAS_4,353.7937715874077,0.0,1.88
550,SEAS_4,361.55456766603555,0.0,1.9
550,SEAS_4,369.192471165246,0.0,1.92
550,SEAS_4,376.86208200059843,0.0,1.94
550,SEAS_4,384.36192940315027,0.0,1.96
550,SEAS_4,391.9773054512477,0.0,1.98
550,SEAS_4,399.736719562805,0.0,2.0
550,SEAS_4,407.68319092698323,0.0,2.02
550,SEAS_4,415.69708394238125,0.0,2.04
550,SEAS_4,423.81239583277306,0.0,2.06
550,SEAS_4,432.2141670211865,0.0,2.08
550,SEAS_4,440.6831071946471,0.0,2.1
550,SEAS_4,449.0200214786176,0.0,2.12
550,SEAS_4,457.39287011025675,0.0,2.14
550,SEAS_4,465.5788420682369,0.0,2.16
550,SEAS_4,474.09622540985947,0.0,2.18
550,SEAS_4,482.65503777032575,0.0,2.2
550,SEAS_4,491.30839975500606,0.0,2.22
550,SEAS_4,500.30237258432487,0.0,2.24
550,SEAS_4,509.3323519115163,0.0,2.26
550,SEAS_4,518.4664694447007,0.0,2.28
550,SEAS_4,527.7574360875044,0.0,2.3
550,SEAS_4,536.7215660506876,0.0,2.32
550,SEAS_4,545.6355735933789,0.0,2.34
550,SEAS_4,554.7843845837864,0.0,2.36
550,SEAS_4,564.0421437561815,0.0,2.38
550,SEAS_4,573.4042415709572,0.0,2.4
550,SEAS_4,582.9598094727612,0.0,2.42
550,SEAS_4,592.8657403951813,0.0,2.44
550,SEAS_4,602.5948527057249,0.0,2.46
550,SEAS_4,612.463179243855,0.0,2.48
550,SEAS_4,622.3095244515846,0.0,2.5
550,SEAS_4,631.7590998160063,0.0,2.52
550,SEAS_4,641.6384652418957,0.0,2.54
550,SEAS_4,651.5098897068522,0.0,2.56
550,SEAS_4,661.7896739526464,0.0,2.58
550,SEAS_4,672.0317759796314,0.0,2.6
550,SEAS_4,682.4606339478514,0.0,2.62
550,SEAS_4,693.3146154552928,0.0,2.64
550,SEAS_4,703.5961204293828,0.0,2.66
550,SEAS_4,713.9256283592999,0.0,2.68
550,SEAS_4,724.4547354661959,0.0,2.7
550,SEAS_4,734.8774810696377,0.0,2.72
550,SEAS_4,745.5325710169518,0.0,2.74
550,SEAS_4,756.4493519478149,0.0,2.76
550,SEAS_4,767.3236609144732,0.0,2.78
550,SEAS_4,778.6355352873479,0.0,2.8
550,SEAS_4,789.9879810289946,0.0,2.82
550,SEAS_4,801.1234241069141,0.0,2.84
550,SEAS_4,812.120479470031,0.0,2.86
550,SEAS_4,823.0900037929788,0.0,2.88
550,SEAS_4,834.2632947305681,0.0,2.9
550,SEAS_4,845.841646580426,0.0,2.92
550,SEAS_4,857.3551453025407,0.0,2.94
550,SEAS_4,869.2526101263616,0.0,2.96
550,SEAS_4,881.3081295434062,0.0,2.98
550,SEAS_4,893.0878538760255,0.0,3.0
550,SEAS_4,904.8076139796385,0.0,3.02
550,SEAS_4,916.5082356923779,0.0,3.04
550,SEAS_4,928.2809614964951,0.0,3.06
550,SEAS_4,940.2635179996345,0.0,3.08
550,SEAS_4,952.6372190539154,0.0,3.1
550,SEAS_4,964.6974528899606,0.0,3.12
550,SEAS_4,977.259679495152,0.0,3.14
550,SEAS_4,989.9144581958298,0.0,3.16
550,SEAS_4,1002.2466400657397,0.0,3.18
550,SEAS_4,1014.6661002402909,0.0,3.2
550,SEAS_4,1027.1553153984,0.0,3.22
550,SEAS_4,1039.631167185511,0.0,3.24
550,SEAS_4,1052.622963378221,0.0,3.26
550,SEAS_4,1065.2505086880064,0.0,3.28
550,SEAS_4,1078.3963972755032,0.0,3.3
550,SEAS_4,1091.8522506747029,0.0,3.32
550,SEAS_4,1104.7777884343734,0.0,3.34
550,SEAS_4,1117.914397076417,0.0,3.36
550,SEAS_4,1130.9134779473388,0.0,3.38
550,SEAS_4,1144.1850512076107,0.0,3.4
550,SEAS_4,1157.4426340800303,0.0,3.42
550,SEAS_4,1170.8773192990543,0.0,3.44
550,SEAS_4,1184.5387411123643,0.0,3.46
550,SEAS_4,1198.3092540311677,0.0,3.48
550,SEAS_4,1212.3589629750504,0.0,3.5
550,SEAS_4,1226.0705071144864,0.0,3.52
550,SEAS_4,1239.7433284225544,0.0,3.54
550,SEAS_4,1253.3834851917954,0.0,3.56
550,SEAS_4,1267.2614619436076,0.0,3.58
550,SEAS_4,1281.390973307531,0.0,3.6
550,SEAS_4,1295.6249477005983,0.0,3.62
550,SEAS_4,1310.0041347133392,0.0,3.64
550,SEAS_4,1324.6279226697152,0.0,3.66
550,SEAS_4,1339.2324783475965,0.0,3.68
550,SEAS_4,1353.6554073733132,0.0,3.7
550,SEAS_4,1367.9149793494546,0.0,3.72
550,SEAS_4,1382.3719833920454,0.0,3.74
550,SEAS_4,1397.1157975463716,0.0,3.76
550,SEAS_4,1411.7636465576059,0.0,3.78
550,SEAS_4,1426.7624843580847,0.0,3.8
550,SEAS_4,1442.0372269134396,0.0,3.82
550,SEAS_4,1457.38293769022,0.0,3.84
550,SEAS_4,1472.2533795337595,0.0,3.86
550,SEAS_4,1487.2778447573028,0.0,3.88
550,SEAS_4,1502.2308375653565,0.0,3.9
550,SEAS_4,1517.4705979716864,0.0,3.92
550,SEAS_4,1532.9915090236937,0.0,3.94
550,SEAS_4,1548.6079624332447,0.0,3.96
550,SEAS_4,1564.2136420483785,0.0,3.98
550,SEAS_4,1580.240906835274,0.0,4.0
550,SEAS_4,1596.1865095297658,0.0,4.02
550,SEAS_4,1611.6739275136335,0.0,4.04
550,SEAS_4,1627.3605398185546,0.0,4.06
550,SEAS_4,1643.1851075657705,0.0,4.08
550,SEAS_4,1659.2275552757894,0.0,4.1
550,SEAS_4,1675.3285631342337,0.0,4.12
550,SEAS_4,1691.64489526066,0.0,4.14
550,SEAS_4,1708.1940088159613,0.0,4.16
550,SEAS_4,1724.8465048625724,0.0,4.18
550,SEAS_4,1741.0014323397681,0.0,4.2
550,SEAS_4,1757.081311323386,0.0,4.22
550,SEAS_4,1773.6253902201722,0.0,4.24
550,SEAS_4,1790.2223035379113,0.0,4.26
550,SEAS_4,1807.1064631323493,0.0,4.28
550,SEAS_4,1823.9365397737934,0.0,4.3
550,SEAS_4,1840.8336038431614,0.0,4.32
550,SEAS_4,1858.3108549049043,0.0,4.34
550,SEAS_4,1875.2019481528955,0.0,4.36
550,SEAS_4,1892.1747312933157,0.0,4.38
550,SEAS_4,1909.0146966703999,0.0,4.4
550,SEAS_4,1926.2763667828572,0.0,4.42
550,SEAS_4,1943.7407539096225,0.0,4.44
550,SEAS_4,1961.1318577588788,0.0,4.46
550,SEAS_4,1978.701115550812,0.0,4.48
550,SEAS_4,1996.8850796359434,0.0,4.5
550,SEAS_4,2014.3839799662758,0.0,4.52
550,SEAS_4,2032.1372382129439,0.0,4.54
550,SEAS_4,2049.594738109575,0.0,4.56
550,SEAS_4,2067.288363982075,0.0,4.58
550,SEAS_4,2085.125861590289,0.0,4.6
550,SEAS_4,2103.114367001092,0.0,4.62
550,SEAS_4,2121.925217535552,0.0,4.64
550,SEAS_4,2140.097664781953,0.0,4.66
550,SEAS_4,2158.560903227013,0.0,4.68
550,SEAS_4,2176.9300423375385,0.0,4.7
550,SEAS_4,2195.0651494051817,0.0,4.72
550,SEAS_4,2213.4609646318727,0.0,4.74
550,SEAS_4,2231.995165734621,0.0,4.76
550,SEAS_4,2250.6337349689065,0.0,4.78
550,SEAS_4,2269.475742537289,0.0,4.8
1064,SEAS_4,105.41065049276008,0.0,1.0
1064,SEAS_4,109.61884319309924,0.0,1.02
1064,SEAS_4,113.85399456125552,0.0,1.04
1064,SEAS_4,118.20741523816997,0.0,1.06
1064,SEAS_4,122.62440045425487,0.0,1.08
1064,SEAS_4,127.09456117755872,0.0,1.1
1064,SEAS_4,131.71095554756073,0.0,1.12
1064,SEAS_4,136.27243673531143,0.0,1.14
1064,SEAS_4,140.91892131079862,0.0,1.16
1064,SEAS_4,145.5840997959183,0.0,1.18
1064,SEAS_4,150.33430425299287,0.0,1.2
1064,SEAS_4,155.14567372430096,0.0,1.22
1064,SEAS_4,159.8526676901327,0.0,1.24
1064,SEAS_4,164.76753300921555,0.0,1.26
1064,SEAS_4,169.72315228283497,0.0,1.28
1064,SEAS_4,174.76191026195627,0.0,1.3
1064,SEAS_4,179.8988982800301,0.0,1.32
1064,SEAS_4,185.1788719698764,0.0,1.34
1064,SEAS_4,190.4687148332986,0.0,1.36
1064,SEAS_4,196.01431339090834,0.0,1.38
1064,SEAS_4,201.5749198834502,0.0,1.4
1064,SEAS_4,207.2346183426818,0.0,1.42
1064,SEAS_4,213.04254275969993,0.0,1.44
1064,SEAS_4,218.87835597740468,0.0,1.46
1064,SEAS_4,224.91832356114017,0.0,1.48
1064,SEAS_4,231.15724031396195,0.0,1.5
1064,SEAS_4,237.39361609781113,0.0,1.52
1064,SEAS_4,243.8668240056543,0.0,1.54
1064,SEAS_4,250.56230840597516,0.0,1.56
1064,SEAS_4,257.15329848526864,0.0,1.58
1064,SEAS_4,263.85880918231044,0.0,1.6
1064,SEAS_4,270.5214362319988,0.0,1.62
1064,SEAS_4,277.0481208347678,0.0,1.64
1064,SEAS_4,283.60352945136606,0.0,1.66
1064,SEAS_4,290.0707971805831,0.0,1.68
1064,SEAS_4,296.47748430825243,0.0,1.7
1064,SEAS_4,302.97845754118293,0.0,1.72
1064,SEAS_4,309.5748251335551,0.0,1.74
1064,SEAS_4,316.3075716277117,0.0,1.76
1064,SEAS_4,323.23249723086286,0.0,1.78
1064,SEAS_4,330.3462101022269,0.0,1.8
1064,SEAS_4,337.58450544971583,0.0,1.82
1064,SEAS_4,344.86073818005184,0.0,1.84
1064,SEAS_4,352.36408193769375,0.0,1.86
1064,SEAS_4,359.94831813806036,0.0,1.88
1064,SEAS_4,367.7049822667335,0.0,1.9
1064,SEAS_4,375.6843557141524,0.0,1.92
1064,SEAS_4,383.88598029360094,0.0,1.94
1064,SEAS_4,392.0969157673285,0.0,1.96
1064,SEAS_4,400.4240171264048,0.0,1.98
1064,SEAS_4,408.6660871130649,0.0,2.0
1064,SEAS_4,416.7561226413468,0.0,2.02
1064,SEAS_4,424.65229340098676,0.0,2.04
1064,SEAS_4,432.53118098199513,0.0,2.06
1064,SEAS_4,440.37811962034425,0.0,2.08
1064,SEAS_4,448.3458536423458,0.0,2.1
1064,SEAS_4,456.3665903099852,0.0,2.12
1064,SEAS_4,464.6602100975698,0.0,2.14
1064,SEAS_4,473.0393607451604,0.0,2.16
1064,SEAS_4,481.61428273441584,0.0,2.18
1064,SEAS_4,490.38276666232684,0.0,2.2
1064,SEAS_4,499.2658465609935,0.0,2.22
1064,SEAS_4,508.1655343752868,0.0,2.24
1064,SEAS_4,517.3888292061483,0.0,2.26
1064,SEAS_4,526.8897830506478,0.0,2.28
1064,SEAS_4,536.463916919232,0.0,2.3
1064,SEAS_4,546.1753405453833,0.0,2.32
1064,SEAS_4,555.8564671240385,0.0,2.34
1064,SEAS_4,565.4612638405747,0.0,2.36
1064,SEAS_4,574.96515306231,0.0,2.38
1064,SEAS_4,584.3357910893991,0.0,2.4
1064,SEAS_4,593.4531607505719,0.0,2.42
1064,SEAS_4,602.5768265434637,0.0,2.44
1064,SEAS_4,611.955005181829,0.0,2.46
1064,SEAS_4,621.4447501820672,0.0,2.48
1064,SEAS_4,631.249145500444,0.0,2.5
1064,SEAS_4,640.9776256973787,0.0,2.52
1064,SEAS_4,651.1166345408915,0.0,2.54
1064,SEAS_4,661.1977694436401,0.0,2.56
1064,SEAS_4,671.5203056524131,0.0,2.58
1064,SEAS_4,682.0802217700325,0.0,2.6
1064,SEAS_4,692.7500825260124,0.0,2.62
1064,SEAS_4,703.5189599834068,0.0,2.64
1064,SEAS_4,714.7692928414372,0.0,2.66
1064,SEAS_4,725.7118489462746,0.0,2.68
1064,SEAS_4,736.6843243866339,0.0,2.7
1064,SEAS_4,747.6888629923176,0.0,2.72
1064,SEAS_4,758.5369085133443,0.0,2.74
1064,SEAS_4,768.9094908791953,0.0,2.76
1064,SEAS_4,779.3944879545002,0.0,2.78
1064,SEAS_4,790.0329052444613,0.0,2.8
1064,SEAS_4,800.7366837624143,0.0,2.82
1064,SEAS_4,811.7257046079569,0.0,2.84
1064,SEAS_4,822.954211705855,0.0,2.86
1064,SEAS_4,834.3520287747846,0.0,2.88
1064,SEAS_4,845.8102281069455,0.0,2.9
1064,SEAS_4,857.4383438012735,0.0,2.92
1064,SEAS_4,869.3767401933612,0.0,2.94
1064,SEAS_4,881.2939928575728,0.0,2.96
1064,SEAS_4,893.5396956476272,0.0,2.98
1064,SEAS_4,905.8815808083679,0.0,3.0
1064,SEAS_4,918.3125002391304,0.0,3.02
1064,SEAS_4,930.7255710997592,0.0,3.04
1064,SEAS_4,942.8262119282839,0.0,3.06
1064,SEAS_4,954.8884358901973,0.0,3.08
1064,SEAS_4,966.8370689543638,0.0,3.1
1064,SEAS_4,978.4946832159218,0.0,3.12
1064,SEAS_4,990.5642234383927,0.0,3.14
1064,SEAS_4,1002.554051166248,0.0,3.16
1064,SEAS_4,1014.9514446536052,0.0,3.18
1064,SEAS_4,1027.4197929694992,0.0,3.2
1064,SEAS_4,1040.265339315826,0.0,3.22
1064,SEAS_4,1052.8894865329003,0.0,3.24
1064,SEAS_4,1065.9918383314525,0.0,3.26
1064,SEAS_4,1079.117742155324,0.0,3.28
1064,SEAS_4,1092.3517249968734,0.0,3.3
1064,SEAS_4,1106.1804785492534,0.0,3.32
1064,SEAS_4,1119.8490821682635,0.0,3.34
1064,SEAS_4,1133.611517928719,0.0,3.36
1064,SEAS_4,1147.1972256428912,0.0,3.38
1064,SEAS_4,1160.5605145385198,0.0,3.4
1064,SEAS_4,1173.9893588451073,0.0,3.42
1064,SEAS_4,1187.094239418507,0.0,3.44
1064,SEAS_4,1200.2333791015562,0.0,3.46
1064,SEAS_4,1213.3100724137034,0.0,3.48
1064,SEAS_4,1226.8548766992212,0.0,3.5
1064,SEAS_4,1240.5961233947114,0.0,3.52
1064,SEAS_4,1254.4136210543859,0.0,3.54
1064,SEAS_4,1268.4152349474825,0.0,3.56
1064,SEAS_4,1282.5978908634133,0.0,3.58
1064,SEAS_4,1296.9664670851298,0.0,3.6
1064,SEAS_4,1311.4633675360208,0.0,3.62
1064,SEAS_4,1326.291465984249,0.0,3.64
1064,SEAS_4,1341.209232498221,0.0,3.66
1064,SEAS_4,1356.3412937129592,0.0,3.68
1064,SEAS_4,1371.286368416937,0.0,3.7
1064,SEAS_4,1386.3239208634157,0.0,3.72
1064,SEAS_4,1400.8839983660125,0.0,3.74
1064,SEAS_4,1415.3983811419962,0.0,3.76
1064,SEAS_4,1429.6602971347975,0.0,3.78
1064,SEAS_4,1444.2383005124698,0.0,3.8
1064,SEAS_4,1459.1060386094796,0.0,3.82
1064,SEAS_4,1473.7851357028414,0.0,3.84
1064,SEAS_4,1488.737586707947,0.0,3.86
1064,SEAS_4,1503.8351406803083,0.0,3.88
1064,SEAS_4,1519.4758724736116,0.0,3.9
1064,SEAS_4,1534.8429269927792,0.0,3.92
1064,SEAS_4,1550.495840006383,0.0,3.94
1064,SEAS_4,1566.5562503410101,0.0,3.96
1064,SEAS_4,1582.6629905758223,0.0,3.98
1064,SEAS_4,1599.3664402029563,0.0,4.0
1064,SEAS_4,1615.4164539226658,0.0,4.02
1064,SEAS_4,1631.4082497108361,0.0,4.04
1064,SEAS_4,1647.6526307966096,0.0,4.06
1064,SEAS_4,1663.7016678578507,0.0,4.08
1064,SEAS_4,1679.3010337524963,0.0,4.1
1064,SEAS_4,1695.051974967077,0.0,4.12
1064,SEAS_4,1710.8140160057674,0.0,4.14
1064,SEAS_4,1726.7511263901758,0.0,4.16
1064,SEAS_4,1743.2050086776146,0.0,4.18
1064,SEAS_4,1759.6811414870017,0.0,4.2
1064,SEAS_4,1776.0552692647702,0.0,4.22
1064,SEAS_4,1792.9801772217752,0.0,4.24
1064,SEAS_4,1809.7660345430618,0.0,4.26
1064,SEAS_4,1826.8726857146166,0.0,4.28
1064,SEAS_4,1844.3761585325826,0.0,4.3
1064,SEAS_4,1861.719949877212,0.0,4.32
1064,SEAS_4,1879.3601222237908,0.0,4.34
1064,SEAS_4,1897.2545781264785,0.0,4.36
1064,SEAS_4,1914.3532583645103,0.0,4.38
1064,SEAS_4,1931.6119745464946,0.0,4.4
1064,SEAS_4,1948.695187708557,0.0,4.42
1064,SEAS_4,1965.9478554427974,0.0,4.44
1064,SEAS_4,1982.6693392969792,0.0,4.46
1064,SEAS_4,1999.8164420237244,0.0,4.48
1064,SEAS_4,2017.5193116302728,0.0,4.5
1064,SEAS_4,2034.9867894601944,0.0,4.52
1064,SEAS_4,2053.103019423564,0.0,4.54
1064,SEAS_4,2070.4833123258377,0.0,4.56
1064,SEAS_4,2088.74449690699,0.0,4.58
1064,SEAS_4,2106.85519583888,0.0,4.6
1064,SEAS_4,2125.6618177772043,0.0,4.62
1064,SEAS_4,2144.447224165535,0.0,4.64
1064,SEAS_4,2163.0729989948677,0.0,4.66
1064,SEAS_4,2182.2059986500653,0.0,4.68
1064,SEAS_4,2201.262850147832,0.0,4.7
1064,SEAS_4,2219.957785296622,0.0,4.72
1064,SEAS_4,2238.375458526128,0.0,4.74
1064,SEAS_4,2256.6868772608336,0.0,4.76
1064,SEAS_4,2274.9085306086663,0.0,4.78
1064,SEAS_4,2293.2906873468987,0.0,4.8
